ExperimentID,Timestamp,Project,Version,Model,EmbeddingModel,ChunkSize,ChunkOverlap,TopK,DocumentCount,TotalChunks,EmbeddingTime,RetrievalTime,PromptTime,GenerationTime,TotalTime,CPUPercent,RAMPercent,RAMUsedGB,RAMAvailableGB,RetrievedDocuments,RetrievedChunkCount,RetrievedChunkIDs,AnswerLength,WordCount,CharacterCount,Question,Answer,PipelineMode,QueryType,RetrievalStrategy,DynamicTopK,ConfidenceScore,SimilarityScore,RetrievalScore,CompletenessScore,UncertaintyScore,RetryCount,SelfCorrected,ReRankingEnabled,ReRankingTime,AverageReRankScore,KnowledgeAvailable,RelevanceScore,GenerationSkipped,Status
EXP20260723023054,2026-07-23 02:30:54,Private Agentic RAG,Phase2,mistral,all-MiniLM-L6-v2,500,50,2,1,2,0.1271,0.0009,0.0,79.5332,79.6612,0.0,96.7,15.17,0.52,HPE GreenLake for Microsoft Azure Stack HCI 22H2 to 23H2 Version Upgrade Guide.pdf,2,"119, 106",518,79,518,What is the purpose of this upgrade guide?," The purpose of the provided upgrade guide (HPE GreenLake for Microsoft Azure Stack HCI 22H2 to 23H2 Version Upgrade Guide) is to assist users in upgrading their system from version 22H2 to 23H2. It outlines the steps required for the upgrade operation, including running an environment checker to verify external connectivity, storage, and readiness for solution upgrade. The guide also includes critical validation tests that must be addressed before applying the solution upgrade, as they block the upgrade process.",Core RAG,NA,NA,NA,NA,NA,NA,NA,NA,0,False,False,0.0,0.0,True,0.0,False,Success
EXP20260723023125,2026-07-23 02:31:25,Private Agentic RAG,Phase2,mistral,all-MiniLM-L6-v2,500,50,2,1,2,0.0282,0.0001,0.0,28.018,28.0463,51.56,89.7,14.07,1.61,HPE GreenLake for Microsoft Azure Stack HCI 22H2 to 23H2 Version Upgrade Guide.pdf,2,"11, 107",60,9,60,Which operating system versions does this guide cover?, The guide covers the Windows operating system version 23H2.,Core RAG,NA,NA,NA,NA,NA,NA,NA,NA,0,False,False,0.0,0.0,True,0.0,False,Success
EXP20260723023203,2026-07-23 02:32:03,Private Agentic RAG,Phase2,mistral,all-MiniLM-L6-v2,500,50,2,1,2,0.0272,0.0001,0.0,36.0971,36.1244,50.39,90.5,14.2,1.49,HPE GreenLake for Microsoft Azure Stack HCI 22H2 to 23H2 Version Upgrade Guide.pdf,2,"0, 130",103,14,103,Which HPE GreenLake release version does this document support?, The provided document supports HPE GreenLake for Microsoft Azure Stack HCI release version 1.1.2025.1.,Core RAG,NA,NA,NA,NA,NA,NA,NA,NA,0,False,False,0.0,0.0,True,0.0,False,Success
EXP20260723023255,2026-07-23 02:32:55,Private Agentic RAG,Phase2,mistral,all-MiniLM-L6-v2,500,50,2,1,2,0.0496,0.0001,0.0,49.1737,49.2234,51.17,88.0,13.81,1.88,HPE GreenLake for Microsoft Azure Stack HCI 22H2 to 23H2 Version Upgrade Guide.pdf,2,"119, 38",497,74,497,What are the five high-level upgrade steps?," The five high-level upgrade steps for HPE GreenLake for Microsoft Azure Stack HCI 22H2 to 23H2 are:

1. Validate the solution upgrade readiness by checking external connectivity, storage requirements, and environment readiness using the Environment Checker.
2. Upgrade to the new operating system (23H2) using a preferred method like PowerShell, Windows Admin Center, or other manual methods.
3. Perform post-OS upgrade tasks.
4. Install and enable the Network ATC.
5. Apply the solution upgrade.",Core RAG,NA,NA,NA,NA,NA,NA,NA,NA,0,False,False,0.0,0.0,True,0.0,False,Success
EXP20260723023420,2026-07-23 02:34:20,Private Agentic RAG,Phase2,mistral,all-MiniLM-L6-v2,500,50,2,1,2,0.0143,0.0001,0.0,82.842,82.8564,50.74,87.3,13.69,2.0,HPE GreenLake for Microsoft Azure Stack HCI 22H2 to 23H2 Version Upgrade Guide.pdf,2,"104, 37",902,137,902,Which upgrade method is recommended by Microsoft?," The upgrade method recommended by Microsoft for Microsoft Azure Stack HCI from version 22H2 to 23H2 is to upgrade the old operating system (22H2) to the new operating system (23H2) using one of the following methods:

1. Upgrade through Windows Update or Media Creation Tool (MCT). This method involves updating the existing operating system in place, or creating a media and performing a clean installation respectively.

To ensure readiness for the upgrade, follow these steps:
- Check if the Resource Bridge running on your cluster is functioning correctly.
- Ensure sufficient storage space is available for infrastructure volume.
- Install required and optional Windows features, enable Application Control policies, suspend BitLocker, and set the OS language as needed.
- Use Environment Checker to validate upgrade readiness.
- Review and remediate any validation checks that block the upgrade.",Core RAG,NA,NA,NA,NA,NA,NA,NA,NA,0,False,False,0.0,0.0,True,0.0,False,Success
EXP20260723023452,2026-07-23 02:34:52,Private Agentic RAG,Phase2,mistral,all-MiniLM-L6-v2,500,50,2,1,2,0.0187,0.0001,0.0,29.2824,29.3013,51.56,88.2,13.84,1.85,HPE GreenLake for Microsoft Azure Stack HCI 22H2 to 23H2 Version Upgrade Guide.pdf,2,"104, 42",265,45,265,Which tool can be used to perform the OS upgrade?," The tool that can be used to perform the OS upgrade is Windows Admin Center. After connecting to your Microsoft Azure Stack HCI, version 22H2 cluster, you can check for available updates using this tool and then install the new OS, hardware, and extension updates.",Core RAG,NA,NA,NA,NA,NA,NA,NA,NA,0,False,False,0.0,0.0,True,0.0,False,Success
EXP20260723023536,2026-07-23 02:35:36,Private Agentic RAG,Phase2,mistral,all-MiniLM-L6-v2,500,50,2,1,2,0.0143,0.0001,0.0,41.3743,41.3887,51.56,89.0,13.96,1.73,HPE GreenLake for Microsoft Azure Stack HCI 22H2 to 23H2 Version Upgrade Guide.pdf,2,"42, 119",299,47,299,What is Step 2 after the operating system upgrade?," After the operating system upgrade, Step 2 involves connecting to the Microsoft Azure Stack HCI, version 22H2 cluster. This step is necessary before you can check for available updates using Windows Admin Center, as detailed in the subsequent steps of the upgrade process mentioned in the document.",Core RAG,NA,NA,NA,NA,NA,NA,NA,NA,0,False,False,0.0,0.0,True,0.0,False,Success
EXP20260723023559,2026-07-23 02:35:59,Private Agentic RAG,Phase2,mistral,all-MiniLM-L6-v2,500,50,2,1,2,0.0115,0.0001,0.0,20.582,20.5935,50.39,89.6,14.06,1.63,HPE GreenLake for Microsoft Azure Stack HCI 22H2 to 23H2 Version Upgrade Guide.pdf,2,"119, 106",85,14,85,Which feature must be installed before applying the solution upgrade?, The Windows OS must be updated to version 23H2 before applying the solution upgrade.,Core RAG,NA,NA,NA,NA,NA,NA,NA,NA,0,False,False,0.0,0.0,True,0.0,False,Success
EXP20260723023657,2026-07-23 02:36:57,Private Agentic RAG,Phase2,mistral,all-MiniLM-L6-v2,500,50,2,1,2,0.023,0.0001,0.0,54.6027,54.6258,51.17,88.3,13.85,1.84,HPE GreenLake for Microsoft Azure Stack HCI 22H2 to 23H2 Version Upgrade Guide.pdf,2,"84, 96",446,73,446,What is the purpose of Network ATC?," The Network ATC (Automated Topology Controller) is a service used in HPE GreenLake for Microsoft Azure Stack HCI. Its primary purpose is to manage network settings and intent configurations across cluster nodes, ensuring smooth communication and data flow within the system. It's important to note that this service should be started only on the paused node, and its settings need to be repeated on each node during an upgrade from 22H2 to 23H2.",Core RAG,NA,NA,NA,NA,NA,NA,NA,NA,0,False,False,0.0,0.0,True,0.0,False,Success
EXP20260723023747,2026-07-23 02:37:47,Private Agentic RAG,Phase2,mistral,all-MiniLM-L6-v2,500,50,2,1,2,0.0326,0.0001,0.0,47.1849,47.2177,51.56,87.8,13.77,1.92,HPE GreenLake for Microsoft Azure Stack HCI 22H2 to 23H2 Version Upgrade Guide.pdf,2,"106, 119",336,51,336,Which validation step is performed before applying the solution upgrade?," Before applying the solution upgrade, you should perform the Environment Checker operation to verify external connectivity, storage requirements, and ensure the environment is ready for the solution upgrade. This validation step is found in the HPE GreenLake for Microsoft Azure Stack HCI 22H2 to 23H2 Version Upgrade Guide on Page 26.",Core RAG,NA,NA,NA,NA,NA,NA,NA,NA,0,False,False,0.0,0.0,True,0.0,False,Success
EXP20260723023828,2026-07-23 02:38:28,Private Agentic RAG,Phase2,mistral,all-MiniLM-L6-v2,500,50,2,1,2,0.0205,0.0001,0.0,38.6469,38.6675,50.06,87.4,13.71,1.97,HPE GreenLake for Microsoft Azure Stack HCI 22H2 to 23H2 Version Upgrade Guide.pdf,2,"42, 55",419,67,419,What happens after the operating system upgrade completes?," After the operating system upgrade completes, you will see an update status change to ""Succeeded"" on your Microsoft Azure Stack HCI cluster. You can then proceed to the hardware updates by selecting ""Next: Hardware updates"". However, there might be a message about incomplete storage during this transition, but it is important to note that this is just a temporary issue and the system will eventually resolve itself.",Core RAG,NA,NA,NA,NA,NA,NA,NA,NA,0,False,False,0.0,0.0,True,0.0,False,Success
EXP20260723023902,2026-07-23 02:39:02,Private Agentic RAG,Phase2,mistral,all-MiniLM-L6-v2,500,50,2,1,2,0.0174,0.0001,0.0,31.6338,31.6513,51.17,88.2,13.84,1.85,HPE GreenLake for Microsoft Azure Stack HCI 22H2 to 23H2 Version Upgrade Guide.pdf,2,"50, 120",128,20,128,Which Windows feature update is installed during the upgrade?," The Windows feature update installed during the upgrade, as per the provided guide, is Microsoft Azure Stack HCI, version 23H2.",Core RAG,NA,NA,NA,NA,NA,NA,NA,NA,0,False,False,0.0,0.0,True,0.0,False,Success
EXP20260723023940,2026-07-23 02:39:40,Private Agentic RAG,Phase2,mistral,all-MiniLM-L6-v2,500,50,2,1,2,0.0274,0.0001,0.0,36.0293,36.0569,50.77,89.6,14.05,1.64,HPE GreenLake for Microsoft Azure Stack HCI 22H2 to 23H2 Version Upgrade Guide.pdf,2,"6, 59",220,31,220,Which cmdlet upgrades the cluster functional level?," The cmdlet that upgrades the cluster functional level is ""Update-ClusterFunctionalLevel"". This information can be found in the HPE GreenLake for Microsoft Azure Stack HCI 22H2 to 23H2 Version Upgrade Guide.pdf document.",Core RAG,NA,NA,NA,NA,NA,NA,NA,NA,0,False,False,0.0,0.0,True,0.0,False,Success
EXP20260723024025,2026-07-23 02:40:25,Private Agentic RAG,Phase2,mistral,all-MiniLM-L6-v2,500,50,2,1,2,0.0167,0.0001,0.0,42.3246,42.3415,51.56,89.9,14.1,1.59,HPE GreenLake for Microsoft Azure Stack HCI 22H2 to 23H2 Version Upgrade Guide.pdf,2,"59, 58",280,36,280,Which cmdlet upgrades the storage pool?," The cmdlet that upgrades the storage pool is ""Update-StoragePool"". After you've identified the FriendlyName of your storage pool using the cmdlet ""Get-StoragePool"", you can then upgrade its version by running ""Update-StoragePool -FriendlyName [Your Storage Pool's FriendlyName]"".",Core RAG,NA,NA,NA,NA,NA,NA,NA,NA,0,False,False,0.0,0.0,True,0.0,False,Success
EXP20260723024112,2026-07-23 02:41:12,Private Agentic RAG,Phase2,mistral,all-MiniLM-L6-v2,500,50,2,1,2,0.0223,0.0001,0.0,44.2426,44.265,51.17,90.5,14.2,1.48,HPE GreenLake for Microsoft Azure Stack HCI 22H2 to 23H2 Version Upgrade Guide.pdf,2,"94, 90",252,42,252,What PowerShell command lists existing virtual switches?, The PowerShell command that lists existing virtual switches is `Get-VMSwitch | ft Name`. This command can be run on any node in your system. It retrieves the names of all virtual switches available in the current environment and displays them for you.,Core RAG,NA,NA,NA,NA,NA,NA,NA,NA,0,False,False,0.0,0.0,True,0.0,False,Success
EXP20260723024203,2026-07-23 02:42:03,Private Agentic RAG,Phase2,mistral,all-MiniLM-L6-v2,500,50,2,1,2,0.0176,0.0001,0.0,48.8255,48.8432,51.56,90.9,14.26,1.43,HPE GreenLake for Microsoft Azure Stack HCI 22H2 to 23H2 Version Upgrade Guide.pdf,2,"97, 79",319,55,319,Which PowerShell command pauses a cluster node?," The PowerShell command that pauses a cluster node is `Suspend-ClusterNode -Drain`. This command should be run on the node you wish to pause, making sure it doesn't have Cluster IP active on it. This command is found in Step 3.2 of the HPE GreenLake for Microsoft Azure Stack HCI 22H2 to 23H2 Version Upgrade Guide.pdf.",Core RAG,NA,NA,NA,NA,NA,NA,NA,NA,0,False,False,0.0,0.0,True,0.0,False,Success
EXP20260723024243,2026-07-23 02:42:43,Private Agentic RAG,Phase2,mistral,all-MiniLM-L6-v2,500,50,2,1,2,0.0296,0.0001,0.0,37.7279,37.7576,50.77,91.7,14.39,1.3,HPE GreenLake for Microsoft Azure Stack HCI 22H2 to 23H2 Version Upgrade Guide.pdf,2,"97, 96",319,52,319,Which PowerShell command resumes a cluster node?," The PowerShell command that resumes a paused cluster node is ""Repeat Step 3.11"" as mentioned in the HPE GreenLake for Microsoft Azure Stack HCI 22H2 to 23H2 Version Upgrade Guide. The exact command isn't specified, but it likely involves using the PowerShell console and executing a relevant cmdlet to resume the node.",Core RAG,NA,NA,NA,NA,NA,NA,NA,NA,0,False,False,0.0,0.0,True,0.0,False,Success
EXP20260723024342,2026-07-23 02:43:42,Private Agentic RAG,Phase2,mistral,all-MiniLM-L6-v2,500,50,2,1,2,0.0472,0.0001,0.0,56.5025,56.5499,51.56,95.4,14.97,0.72,HPE GreenLake for Microsoft Azure Stack HCI 22H2 to 23H2 Version Upgrade Guide.pdf,2,"112, 19",520,78,520,Which Azure portal step follows solution validation?," The Azure portal step that follows solution validation is 'Deploy from Azure Portal'. This information can be found in the high-level workflow for the solution upgrade mentioned in the HPE GreenLake for Microsoft Azure Stack HCI 22H2 to 23H2 Version Upgrade Guide. After successfully validating the system using the Environment Checker and verifying all prerequisites, including having a block of 6-continuous IP addresses and Active Directory preparation, you can proceed to deploy your solution from the Azure Portal.",Core RAG,NA,NA,NA,NA,NA,NA,NA,NA,0,False,False,0.0,0.0,True,0.0,False,Success
EXP20260723024431,2026-07-23 02:44:31,Private Agentic RAG,Phase2,mistral,all-MiniLM-L6-v2,500,50,2,1,2,0.0517,0.0001,0.0,46.16,46.2118,51.17,86.2,13.52,2.17,HPE GreenLake for Microsoft Azure Stack HCI 22H2 to 23H2 Version Upgrade Guide.pdf,2,"77, 96",205,33,205,Which Windows feature installs Network ATC?," The Windows feature that installs Network ATC is ""NetworkATC"", as stated in the HPE GreenLake for Microsoft Azure Stack HCI 22H2 to 23H2 Version Upgrade Guide.PDF (Step 3: Install and enable Network ATC).",Core RAG,NA,NA,NA,NA,NA,NA,NA,NA,0,False,False,0.0,0.0,True,0.0,False,Success
EXP20260723024521,2026-07-23 02:45:21,Private Agentic RAG,Phase2,mistral,all-MiniLM-L6-v2,500,50,2,1,2,0.021,0.0001,0.0,47.4826,47.5037,51.17,87.2,13.69,2.0,HPE GreenLake for Microsoft Azure Stack HCI 22H2 to 23H2 Version Upgrade Guide.pdf,2,"73, 72",280,29,280,Which document section discusses Active Directory preparation?," The document section that discusses Active Directory preparation includes ""ActiveDirectory-PowerShell"", ""DirectoryServices-AdministrativeCenter"", and ""RSAT-AD-Tools-Feature"" from both documents (HPE GreenLake for Microsoft Azure Stack HCI 22H2 to 23H2 Version Upgrade Guide.pdf).",Core RAG,NA,NA,NA,NA,NA,NA,NA,NA,0,False,False,0.0,0.0,True,0.0,False,Success
EXP20260723024623,2026-07-23 02:46:23,Private Agentic RAG,Phase2,mistral,all-MiniLM-L6-v2,500,50,2,1,2,0.0311,0.0001,0.0,59.0016,59.0328,51.56,88.1,13.82,1.87,HPE GreenLake for Microsoft Azure Stack HCI 22H2 to 23H2 Version Upgrade Guide.pdf,2,"44, 60",554,92,554,How do you connect to an Azure Stack HCI cluster using Windows Admin Center?," To connect to an Azure Stack HCI cluster using Windows Admin Center, follow these steps:

1. Ensure you have access to a client that can connect to your Microsoft Azure Stack HCI cluster. This client should have Windows Admin Center installed on it.
2. Open Windows Admin Center.
3. Click on ""+ Add"" under All Connections.
4. Scroll down to the Servers section, and select your specific Azure Stack HCI cluster (for example, ""cluster1"").

By completing these steps, you will successfully connect to your Azure Stack HCI cluster via Windows Admin Center.",Core RAG,NA,NA,NA,NA,NA,NA,NA,NA,0,False,False,0.0,0.0,True,0.0,False,Success
EXP20260723024753,2026-07-23 02:47:53,Private Agentic RAG,Phase2,mistral,all-MiniLM-L6-v2,500,50,2,1,2,0.0235,0.0001,0.0,87.6649,87.6885,52.23,88.4,13.87,1.81,HPE GreenLake for Microsoft Azure Stack HCI 22H2 to 23H2 Version Upgrade Guide.pdf,2,"5, 37",977,160,977,Describe the operating system upgrade process from 22H2 to 23H2.," The operating system upgrade process from 22H2 to 23H2 involves the following steps:

1. Upgrade the existing operating system (22H2) to the new one (23H2). This is done by following the instructions provided in the HPE GreenLake for Microsoft Azure Stack HCI 22H2 to 23H2 Version Upgrade Guide.

After the OS upgrade, there are additional tasks that need to be performed post-upgrade as mentioned on pages 9 of the same guide. These could include updating cluster functions and performing other necessary tasks to ensure the system is running smoothly with the new version. The specific details for these post-OS-upgrade tasks can be found on page 9 of the document.

It's important to note that this document was last updated in January 2025, as indicated on page 4, and it's marked HPE INTERNAL USE ONLY. For more detailed and accurate information, it is recommended to refer to the original guide or contact the respective support team at Hewlett Packard Enterprise (HPE).",Core RAG,NA,NA,NA,NA,NA,NA,NA,NA,0,False,False,0.0,0.0,True,0.0,False,Success
EXP20260723024902,2026-07-23 02:49:02,Private Agentic RAG,Phase2,mistral,all-MiniLM-L6-v2,500,50,2,1,2,0.0189,0.0001,0.0001,67.1008,67.1198,51.48,92.9,14.57,1.12,HPE GreenLake for Microsoft Azure Stack HCI 22H2 to 23H2 Version Upgrade Guide.pdf,2,"120, 38",573,88,573,How do you perform post-OS upgrade tasks?," To perform post-OS upgrade tasks, follow these steps:

1. After upgrading to the new operating system (23H2), proceed with the post-OS upgrade tasks.

2. Install and enable the Network ATC (Automatic Tuning Controller).

3. Validate the solution upgrade readiness. This ensures that everything is prepared for a successful transition after the upgrade.

4. Apply the solution upgrade to complete the process.

These steps should help you complete the post-OS upgrade tasks as described in the HPE GreenLake for Microsoft Azure Stack HCI 22H2 to 23H2 Version Upgrade Guide.",Core RAG,NA,NA,NA,NA,NA,NA,NA,NA,0,False,False,0.0,0.0,True,0.0,False,Success
EXP20260723024936,2026-07-23 02:49:36,Private Agentic RAG,Phase2,mistral,all-MiniLM-L6-v2,500,50,2,1,2,0.0205,0.0003,0.0,30.9795,31.0004,51.17,90.7,14.23,1.46,HPE GreenLake for Microsoft Azure Stack HCI 22H2 to 23H2 Version Upgrade Guide.pdf,2,"6, 59",411,52,411,How do you update the cluster functional level?," To update the cluster functional level, follow these steps:

1. First, use the command `Update-ClusterFunctionalLevel`.
2. After upgrading the cluster functional level, you can identify the FriendlyName of the storage pool representing your cluster using the command `Get-StoragePool`.
3. Finally, run the command `Update-StoragePool -FriendlyName ""Your_Storage_Pool_Name""` to upgrade the storage pool version.",Core RAG,NA,NA,NA,NA,NA,NA,NA,NA,0,False,False,0.0,0.0,True,0.0,False,Success
EXP20260723025034,2026-07-23 02:50:34,Private Agentic RAG,Phase2,mistral,all-MiniLM-L6-v2,500,50,2,1,2,0.0213,0.0001,0.0,55.3406,55.362,51.56,90.8,14.24,1.45,HPE GreenLake for Microsoft Azure Stack HCI 22H2 to 23H2 Version Upgrade Guide.pdf,2,"59, 58",731,105,731,How do you upgrade the storage pool version?," To upgrade the storage pool version, follow these steps:

1. First, upgrade the cluster functional level if it's not already done. On any server in the cluster, run the following cmdlet: ""Update-ClusterFunctionalLevel"".

2. Identify the FriendlyName of your storage pool representing the cluster by running the cmdlet ""Get-StoragePool"".

3. Finally, use the Update-StoragePool cmdlet to upgrade the specific storage pool version. For example, if your storage pool's FriendlyName is ""S2D on hci-cluster1"", run the following command: ""Update-StoragePool -FriendlyName 'S2D on hci-cluster1'""

Note that this guide is intended for internal HPE use only. Always ensure you have a backup of your data before performing these operations.",Core RAG,NA,NA,NA,NA,NA,NA,NA,NA,0,False,False,0.0,0.0,True,0.0,False,Success
EXP20260723025236,2026-07-23 02:52:36,Private Agentic RAG,Phase2,mistral,all-MiniLM-L6-v2,500,50,2,1,2,0.0318,0.0001,0.0,119.6096,119.6415,51.96,91.1,14.3,1.39,HPE GreenLake for Microsoft Azure Stack HCI 22H2 to 23H2 Version Upgrade Guide.pdf,2,"96, 128",1262,186,1262,Explain how to install Network ATC.," To install Network ATC (Azure Traffic Controller) in HPE GreenLake for Microsoft Azure Stack HCI 22H2 to 23H2 version, follow these steps:

1. Perform steps 1 through 3.10 as detailed in the upgrade guide, but with some modifications:
   a. Skip Step 3.3 as switches are already renamed on all nodes.
   b. After completing Step 3.4 and 3.5, ensure that the Network ATC settings across the cluster are correctly set. Use the command 'Get-NetIntentStatus' to verify that the ConfigurationStatus shows Success and ProvisioningStatus shows Completed for all the deployed Intents.

2. Enable the 'QosFlowControl' setting for cluster traffic. However, the guide does not provide specific instructions for this step, so you may need to refer to additional resources or contact HPE support for assistance.

3. Modify the Validate-DCB tool:
   a. Update the NIC capability from 10 Gbps to 25 Gbps.
   b. Set a bandwidth limit for Live Migration.

4. Prevent the default IP address from being set by the Network ATC by creating an override:
   a. Create a new storage adapter override using this command: `$StorageOverride = New-NetIntentStorageOverrides`
   b. Set 'EnableAutomaticIPGeneration' property to false: `$StorageOverride.EnableAutomaticIPGeneration = $false`",Core RAG,NA,NA,NA,NA,NA,NA,NA,NA,0,False,False,0.0,0.0,True,0.0,False,Success
EXP20260723025406,2026-07-23 02:54:06,Private Agentic RAG,Phase2,mistral,all-MiniLM-L6-v2,500,50,2,1,2,0.0261,0.0001,0.0,88.1777,88.2039,51.56,88.9,13.95,1.74,HPE GreenLake for Microsoft Azure Stack HCI 22H2 to 23H2 Version Upgrade Guide.pdf,2,"96, 97",1100,181,1100,Describe the process for pausing a cluster node before Network ATC deployment.," The context provided does not detail the process for pausing a cluster node before Network ATC deployment. However, it does provide steps for resuming a paused node after Network ATC deployment (Step 3.11).

To pause a node prior to Network ATC deployment, you might need to follow these general steps:

1. Identify the node you wish to pause within your cluster.
2. Pause or put the node into maintenance mode as per your specific hyper-converged infrastructure (HCI) system's management tool instructions. This action will prevent the node from participating in the cluster operations while it is being worked on.
3. Make necessary changes or updates to the node, such as upgrading its software version, as required for the Network ATC deployment.
4. Once the updates are completed and validated, you can then resume or exit the maintenance mode of the node to bring it back online and allow it to rejoin the cluster.

Please refer to your HCI system's official documentation or seek guidance from their support team for specific instructions on how to pause a node in your particular environment.",Core RAG,NA,NA,NA,NA,NA,NA,NA,NA,0,False,False,0.0,0.0,True,0.0,False,Success
EXP20260723025447,2026-07-23 02:54:47,Private Agentic RAG,Phase2,mistral,all-MiniLM-L6-v2,500,50,2,1,2,0.0458,0.0001,0.0001,38.1659,38.2119,51.56,87.8,13.77,1.92,HPE GreenLake for Microsoft Azure Stack HCI 22H2 to 23H2 Version Upgrade Guide.pdf,2,"81, 63",141,18,141,How do you remove the existing Compute VMSwitch?," To remove the existing Compute VMSwitch, you should run the following command:

Get-VMSwitch -Name ""computevswitch"" | Remove-VMSwitch -force",Core RAG,NA,NA,NA,NA,NA,NA,NA,NA,0,False,False,0.0,0.0,True,0.0,False,Success
EXP20260723025505,2026-07-23 02:55:05,Private Agentic RAG,Phase2,mistral,all-MiniLM-L6-v2,500,50,2,1,2,0.0152,0.0001,0.0,15.4853,15.5005,50.39,88.1,13.82,1.86,HPE GreenLake for Microsoft Azure Stack HCI 22H2 to 23H2 Version Upgrade Guide.pdf,2,"81, 63",147,18,147,How do you remove the existing Management VMSwitch?," To remove the existing Management VMSwitch, you should run the following command:

Get-VMSwitch -Name ""ManagementVswitch"" | Remove-VMSwitch -force",Core RAG,NA,NA,NA,NA,NA,NA,NA,NA,0,False,False,0.0,0.0,True,0.0,False,Success
EXP20260723025638,2026-07-23 02:56:38,Private Agentic RAG,Phase2,mistral,all-MiniLM-L6-v2,500,50,2,1,2,0.0194,0.0001,0.0001,90.1117,90.1313,51.56,89.8,14.1,1.59,HPE GreenLake for Microsoft Azure Stack HCI 22H2 to 23H2 Version Upgrade Guide.pdf,2,"14, 81",939,144,939,Explain how to remove existing NetQoS policies.," To remove existing NetQoS policies, you first need to remove your current configuration on the paused node. Here's a step-by-step guide:

1. Pause the node where NetQoS is currently configured. This can be done as part of the upgrade process or manually before starting the upgrade.

2. Remove the existing NetQoS configuration on the paused node only. You can do this by running the following command in PowerShell:
   ```
   Get-VMSwitch -Name ""NetQosSwitch"" | Remove-VMSwitch -force
   ```
   Replace ""NetQosSwitch"" with the actual name of your NetQoS Virtual Switch if it's different.

3. After removing the configuration, start the Network ATC service on the paused node only:

4. Continue with the version upgrade process as described in the HPE GreenLake for Microsoft Azure Stack HCI 22H2 to 23H2 Version Upgrade Guide. During the upgrade, Network ATC will redeploy the necessary configuration items including new NetQoS policies.",Core RAG,NA,NA,NA,NA,NA,NA,NA,NA,0,False,False,0.0,0.0,True,0.0,False,Success
EXP20260723025706,2026-07-23 02:57:06,Private Agentic RAG,Phase2,mistral,all-MiniLM-L6-v2,500,50,2,1,2,0.0396,0.0001,0.0,25.3602,25.3999,50.0,90.5,14.19,1.5,HPE GreenLake for Microsoft Azure Stack HCI 22H2 to 23H2 Version Upgrade Guide.pdf,2,"84, 96",265,39,265,How do you start the Network ATC service?," To start the Network ATC service, follow these steps on the paused node only:

1. Open a command prompt or PowerShell.
2. Run the following commands one by one:

   ```
   Set-service -Name NetworkATC -StartupType Automatic
   Start-Service -Name NetworkATC
   ```",Core RAG,NA,NA,NA,NA,NA,NA,NA,NA,0,False,False,0.0,0.0,True,0.0,False,Success
EXP20260723025837,2026-07-23 02:58:37,Private Agentic RAG,Phase2,mistral,all-MiniLM-L6-v2,500,50,2,1,2,0.0197,0.0001,0.0,89.4044,89.4242,50.73,91.4,14.34,1.34,HPE GreenLake for Microsoft Azure Stack HCI 22H2 to 23H2 Version Upgrade Guide.pdf,2,"85, 15",870,117,870,Describe the steps to create Management Intent.," To create a Management Intent, follow these steps from the HPE GreenLake for Microsoft Azure Stack HCI 22H2 to 23H2 Version Upgrade Guide:

1. First, you need to disable RDMA and QOS on management and compute intents by running an override command. Here's how:
   - Open PowerShell.
   - Type the following command to create a variable that stores the overrides for management adapters: `$MgmtAdapterPropertyOverrides = New-NetIntentAdapterPropertyOverrides`
   - Set the NetworkDirect and QOS values to 0 in the overrides variable: `$MgmtAdapterPropertyOverrides.NetworkDirect = 0; $MgmtAdapterPropertyOverrides.QOS = 0`

2. Next, add the Management Intent by running the following command:
   - In PowerShell, type `Add-NetIntent -Name Mgmt -Management -AdapterName ""PCIe Slot 10 Port 1"", ""PCIe Slot 10 Port 2"" -AdapterPropertyOverrides $MgmtAdapterPropertyOverrides`",Core RAG,NA,NA,NA,NA,NA,NA,NA,NA,0,False,False,0.0,0.0,True,0.0,False,Success
EXP20260723025927,2026-07-23 02:59:27,Private Agentic RAG,Phase2,mistral,all-MiniLM-L6-v2,500,50,2,1,2,0.0178,0.0001,0.0,47.0596,47.0774,51.17,92.1,14.45,1.23,HPE GreenLake for Microsoft Azure Stack HCI 22H2 to 23H2 Version Upgrade Guide.pdf,2,"86, 15",314,44,314,Describe the steps to create Compute Intent.," To create the Compute Intent, follow these steps:

1. Open your command line or PowerShell.
2. Run the following command to add the Compute intent:
   ```
   Add-NetIntent -Name Compute -Compute -AdapterName ""PCIe Slot 2 Port 1"", ""PCIe Slot 5 Port 1"" -AdapterPropertyOverrides $MgmtAdapterPropertyOverrides
   ```",Core RAG,NA,NA,NA,NA,NA,NA,NA,NA,0,False,False,0.0,0.0,True,0.0,False,Success
EXP20260723030050,2026-07-23 03:00:50,Private Agentic RAG,Phase2,mistral,all-MiniLM-L6-v2,500,50,2,1,2,0.0243,0.0001,0.0,80.2566,80.281,51.17,93.8,14.72,0.97,HPE GreenLake for Microsoft Azure Stack HCI 22H2 to 23H2 Version Upgrade Guide.pdf,2,"86, 88",993,142,993,Describe the steps to create Storage Intent.," To create a Storage Intent, follow these steps:

1. First, you need to set some overrides for the storage adapter properties. This is done using the following command in PowerShell:
   `1704 -StorageOverrides $StorageOverride -AdapterPropertyOverrides $StorAdapterPropertyOverrides`

2. Next, add the Compute Intent by running this command:
   `Add-NetIntent -Name Compute -Compute -AdapterName ""PCIe Slot 2 Port 1"", ""PCIe Slot 5 Port 1"" -AdapterPropertyOverrides $MgmtAdapterPropertyOverrides`

3. Before executing the Storage intent creation command, you must override automatic storage IP addressing due to customer VLAN ID's and the lack of requirement for automatic IP addresses. To do this, run the following commands:
   (Details about these commands are not provided in the context)

4. After setting up the overrides and adding the Compute Intent, you can now create the Storage intent. However, the specific command to create the Storage intent is not provided in the given context.",Core RAG,NA,NA,NA,NA,NA,NA,NA,NA,0,False,False,0.0,0.0,True,0.0,False,Success
EXP20260723030135,2026-07-23 03:01:35,Private Agentic RAG,Phase2,mistral,all-MiniLM-L6-v2,500,50,2,1,2,0.0177,0.0001,0.0,43.417,43.4348,51.17,94.1,14.76,0.93,HPE GreenLake for Microsoft Azure Stack HCI 22H2 to 23H2 Version Upgrade Guide.pdf,2,"96, 15",516,82,516,How do you verify Network ATC deployment?," To verify Network ATC deployment during a version upgrade from HPE GreenLake for Microsoft Azure Stack HCI 22H2 to 23H2, follow these steps:

1. Complete Steps 3.6 and 3.7 in the upgrade guide on each node (add the Network ATC intent and verify the deployment on one node respectively).

2. On the verified node, run the command `Get-NetIntentStatus` to check the status of the deployed Intents. Make sure that both ConfigurationStatus and ProvisioningStatus show Success and Completed for all the deployed Intents.",Core RAG,NA,NA,NA,NA,NA,NA,NA,NA,0,False,False,0.0,0.0,True,0.0,False,Success
EXP20260723030259,2026-07-23 03:02:59,Private Agentic RAG,Phase2,mistral,all-MiniLM-L6-v2,500,50,2,1,2,0.0187,0.0001,0.0,81.3506,81.3695,51.56,94.5,14.83,0.86,HPE GreenLake for Microsoft Azure Stack HCI 22H2 to 23H2 Version Upgrade Guide.pdf,2,"90, 16",665,105,665,Explain how to rename VMSwitches.," To rename VMSwitches, follow these steps:

1. First, find the current name of your VMSwitch on the node where Network ATC is configured (usually Node 1). Run this PowerShell command to get the VMSwitch Name: `Get-VMSwitch | ft Name`

2. After obtaining the current VMSwitch name, you can then rename it on all other nodes (Node 2, Node 3, etc., up to Node N). This is a non-disruptive change and can be done simultaneously.

3. To rename the VMSwitch on each of the remaining nodes, use the `Set-VMSwitch` command along with the new desired name for your VMSwitch:

   ```powershell
   Set-VMSwitch -Name ""Current_VMSwitch_Name"" -NewName ""New_VMSwitch_Name""
   ```",Core RAG,NA,NA,NA,NA,NA,NA,NA,NA,0,False,False,0.0,0.0,True,0.0,False,Success
EXP20260723030426,2026-07-23 03:04:26,Private Agentic RAG,Phase2,mistral,all-MiniLM-L6-v2,500,50,2,1,2,0.0278,0.0001,0.0006,84.0506,84.079,51.56,86.7,13.6,2.09,HPE GreenLake for Microsoft Azure Stack HCI 22H2 to 23H2 Version Upgrade Guide.pdf,2,"93, 17",945,153,945,Describe the process of reconnecting virtual machines after switch renaming.," To reconnect virtual machines after renaming the virtual switch, follow these steps:

1. Disconnect each virtual machine from the old virtual switch (previously renamed). This is necessary for them to stop running on their current switch.

2. Once all virtual machines are disconnected, wait for a moment. This gives time for the system to update the changes.

3. Now, reconnect each virtual machine to the newly updated switch with the new name. By doing this, they will be able to use the new switch's name.

4. After reconnection, there might be an expected downtime while the virtual machines are re-establishing their connection on the new switch and caching the new name of the virtual switch.

5. Live migrations may fail if you don't perform this action because they will indicate that the virtual switch doesn't exist on the destination. This step requires planning and scheduling to minimize any potential impact on running workloads.",Core RAG,NA,NA,NA,NA,NA,NA,NA,NA,0,False,False,0.0,0.0,True,0.0,False,Success
EXP20260723030607,2026-07-23 03:06:07,Private Agentic RAG,Phase2,mistral,all-MiniLM-L6-v2,500,50,2,1,2,0.0388,0.0001,0.0,98.7785,98.8174,51.56,88.0,13.8,1.89,HPE GreenLake for Microsoft Azure Stack HCI 22H2 to 23H2 Version Upgrade Guide.pdf,2,"96, 84",1061,175,1061,How do you apply Network ATC across all cluster nodes?," To apply Network ATC settings across all cluster nodes during an upgrade from HPE GreenLake for Microsoft Azure Stack HCI 22H2 to 23H2, follow these steps:

1. On each node, repeat Step 3.2 only.
2. On each node, repeat Steps 3.4 and 3.5 (Skip Step 3.3 as Switches are already renamed on all Nodes.)
3. On each node, repeat Step 3.7 to verify deployment. Ensure that the ConfigurationStatus shows Success and ProvisioningStatus shows Completed for all deployed Intents.
4. Repeat Step 4.0 (Step 4 is not numbered in the source) on the paused node only: To start the Network ATC service, run the following commands:
   - Set-service -Name NetworkATC -StartupType Automatic
   - Start-Service -Name NetworkATC
5. Finally, repeat Step 3.6 (Step 6 is not numbered in the source) on each node to add the Network ATC intent for Fully disaggregated host networking: Run the following commands one by one on each node to add the Intent. There are three intents that are managed across cluster nodes in Fully Disaggregated Intent Type (Management, Compute and Storage).",Core RAG,NA,NA,NA,NA,NA,NA,NA,NA,0,False,False,0.0,0.0,True,0.0,False,Success
EXP20260723030700,2026-07-23 03:07:00,Private Agentic RAG,Phase2,mistral,all-MiniLM-L6-v2,500,50,2,1,2,0.0308,0.0001,0.0,50.364,50.3949,51.17,89.7,14.08,1.61,HPE GreenLake for Microsoft Azure Stack HCI 22H2 to 23H2 Version Upgrade Guide.pdf,2,"105, 110",406,58,406,How do you run the Environment Checker?," To run the Environment Checker, follow these steps:

1. Select one server that's part of your Microsoft Azure Stack HCI cluster.
2. Sign in to the server using local administrative credentials.
3. Install the Environment Checker on the server. You can do this by running the following PowerShell command from the PSGallery:
   ```
   Install-Module -Name AzStackHci.EnvironmentChecker -AllowClobber
   ```",Core RAG,NA,NA,NA,NA,NA,NA,NA,NA,0,False,False,0.0,0.0,True,0.0,False,Success
EXP20260723030757,2026-07-23 03:07:57,Private Agentic RAG,Phase2,mistral,all-MiniLM-L6-v2,500,50,2,1,2,0.02,0.0001,0.0,54.8171,54.8373,51.1,90.4,14.19,1.5,HPE GreenLake for Microsoft Azure Stack HCI 22H2 to 23H2 Version Upgrade Guide.pdf,2,"115, 23",536,89,536,How do you apply the solution upgrade through Azure Portal?," To apply the solution upgrade through Azure Portal, follow these steps:

1. Make sure the ""Deployment User"" created as part of Active Directory prerequisites is added to Local administrator on all nodes in the Cluster.
2. Go to your Azure Local resource in Microsoft Azure portal.
3. In the Overview page, click on the banner that indicates a solution upgrade is available. Select the Upgrade link in the banner.
4. On the Basics tab that appears, proceed with the necessary steps to initiate and complete the solution upgrade process.",Core RAG,NA,NA,NA,NA,NA,NA,NA,NA,0,False,False,0.0,0.0,True,0.0,False,Success
EXP20260723031000,2026-07-23 03:10:00,Private Agentic RAG,Phase2,mistral,all-MiniLM-L6-v2,500,50,2,1,2,0.0271,0.0001,0.0,120.445,120.4721,51.56,92.8,14.56,1.13,HPE GreenLake for Microsoft Azure Stack HCI 22H2 to 23H2 Version Upgrade Guide.pdf,2,"119, 112",1526,239,1526,Explain the complete workflow from OS upgrade to solution upgrade.," The complete workflow for upgrading your HPE GreenLake for Microsoft Azure Stack HCI from version 22H2 to 23H2 consists of several steps:

1. **Environment Checker**: Run this tool to verify external connectivity, storage requirements, and ensure the environment is ready for solution upgrade. This step can be found in the Upgrade Guide document on page 26.

2. **Prerequisites**: There are some requirements that need to be met before starting the upgrade process:
   - Validate the system using the Environment Checker as per the instructions mentioned in the section ""Validate Solution Upgrade Readiness"".
   - Verify that you have a block of 6-continuous IP addresses.
   - Ensure all prerequisites are met. These details can be found in the document on page not specified, but they follow step 5.1 under the High Level workflow for solution upgrade.

3. **Active Directory Preparation**: Prepare your Active Directory as needed for the upgrade process. This is part of the high-level workflow.

4. **Deployment**: Deploy the solution from the Azure Portal and manage the deployment throughout the process. This is the final step in the high-level workflow.

5. **Review + Create**: After deploying, review the summary for the solution upgrade on the Review + Create tab. You can find more details about this on page 27 of the Upgrade Guide document.

6. **Successful Deployment**: Upon successful completion of all previous steps, you will have upgraded your HPE GreenLake for Microsoft Azure Stack HCI to version 23H2.",Core RAG,NA,NA,NA,NA,NA,NA,NA,NA,0,False,False,0.0,0.0,True,0.0,False,Success
EXP20260723031103,2026-07-23 03:11:03,Private Agentic RAG,Phase2,mistral,all-MiniLM-L6-v2,500,50,2,1,2,0.0255,0.0001,0.0,60.0865,60.112,51.17,93.1,14.6,1.09,HPE GreenLake for Microsoft Azure Stack HCI 22H2 to 23H2 Version Upgrade Guide.pdf,2,"96, 15",670,110,670,Describe the sequence required before installing Network ATC.," To prepare for installing Network ATC, follow these steps sequentially on each node of your cluster:

1. Repeat Step 3.2 from the HPE GreenLake for Microsoft Azure Stack HCI 22H2 to 23H2 Version Upgrade Guide.
2. Skip Step 3.3 as Switches are already renamed on all Nodes.
3. Proceed with Steps 3.4 and 3.5 from the guide.
4. Verify the deployment by following only Step 3.7 (make sure Get-NetIntentStatus shows ConfigurationStatus shows Success and ProvisioningStatus shows Completed for all the deployed Intents).
5. After verifying, add the Network ATC intent by repeating Step 3.6 from the guide.
6. Resume a Paused Node by following Step 3.11 of the same document.",Core RAG,NA,NA,NA,NA,NA,NA,NA,NA,0,False,False,0.0,0.0,True,0.0,False,Success
EXP20260723031153,2026-07-23 03:11:53,Private Agentic RAG,Phase2,mistral,all-MiniLM-L6-v2,500,50,2,1,2,0.0313,0.0005,0.0,48.2807,48.3126,51.17,93.5,14.67,1.01,HPE GreenLake for Microsoft Azure Stack HCI 22H2 to 23H2 Version Upgrade Guide.pdf,2,"53, 104",558,83,558,Explain why cluster functional level should be updated after the OS upgrade.," After an OS upgrade, it's important to update the cluster functional level because the new version of the operating system might introduce new features or changes that are only compatible with newer versions of the cluster functional level. Updating the cluster functional level ensures that the cluster can take full advantage of these new features and maintains optimal performance. Additionally, updating the cluster functional level helps to address any potential issues or bugs related to the older functional level, thereby improving system stability.",Core RAG,NA,NA,NA,NA,NA,NA,NA,NA,0,False,False,0.0,0.0,True,0.0,False,Success
EXP20260723031319,2026-07-23 03:13:19,Private Agentic RAG,Phase2,mistral,all-MiniLM-L6-v2,500,50,2,1,2,0.0173,0.0001,0.0,83.3472,83.3646,51.17,94.0,14.75,0.94,HPE GreenLake for Microsoft Azure Stack HCI 22H2 to 23H2 Version Upgrade Guide.pdf,2,"96, 15",1147,185,1147,Describe the complete Network ATC deployment process.," To deploy the Network ATC settings across the entire cluster during an upgrade from HPE GreenLake for Microsoft Azure Stack HCI 22H2 to 23H2, follow these steps on each node one at a time:

1. First, add the Network ATC intent by following Step 3.6 (referenced in the first document). This creates the networking configuration for the cluster.

2. Next, repeat Steps 3.4 and 3.5 (from the first document), which involve configuring the network switches on each node. Note that you can skip Step 3.3 since the switches are already renamed on all nodes.

3. After completing Steps 2, verify the deployment on one of the nodes by following Step 3.7 (from the first document). Make sure to check that the ConfigurationStatus and ProvisioningStatus for all deployed Intents show Success and Completed respectively using the 'Get-NetIntentStatus' command.

4. Finally, resume the paused node by repeating Step 3.11 (from the first document) on each node until all nodes are back online and functioning correctly. This completes the Network ATC deployment process during the HPE GreenLake for Microsoft Azure Stack HCI version upgrade from 22H2 to 23H2.",Core RAG,NA,NA,NA,NA,NA,NA,NA,NA,0,False,False,0.0,0.0,True,0.0,False,Success
EXP20260723031453,2026-07-23 03:14:53,Private Agentic RAG,Phase2,mistral,all-MiniLM-L6-v2,500,50,2,1,2,0.0351,0.0001,0.0,90.9367,90.972,50.76,87.4,13.71,1.98,HPE GreenLake for Microsoft Azure Stack HCI 22H2 to 23H2 Version Upgrade Guide.pdf,2,"96, 128",1115,176,1115,Explain how Network ATC modifies networking in the cluster.," The Network Auto Configuration (ATC) modifies networking within the cluster by automatically configuring network settings for better efficiency. Here's a breakdown of how it works based on the provided context:

1. Network ATC sets up various parameters across all nodes in the cluster, which includes network settings like VLANs, IP addresses, and subnets.

2. The QosFlowControl setting, which controls the flow of traffic within the cluster for improved performance, is not enabled by default but can be enabled as a separate step during setup or configuration changes.

3. A tool called Validate-DCB has been modified to update the network interface card (NIC) capability from 10 Gbps to 25 Gbps and set a bandwidth limit for Live Migration, which helps in managing data transfer during virtual machine migrations.

4. An override has been added to the storage adapter to prevent the default IP address from being set by the Network ATC, ensuring manual control over some network settings if necessary. This is especially useful when you want to maintain a specific IP configuration for your storage resources.",Core RAG,NA,NA,NA,NA,NA,NA,NA,NA,0,False,False,0.0,0.0,True,0.0,False,Success
EXP20260723031608,2026-07-23 03:16:08,Private Agentic RAG,Phase2,mistral,all-MiniLM-L6-v2,500,50,2,1,2,0.0317,0.0002,0.0001,72.3583,72.3902,51.56,88.0,13.81,1.88,HPE GreenLake for Microsoft Azure Stack HCI 22H2 to 23H2 Version Upgrade Guide.pdf,2,"93, 90",862,141,862,Describe how virtual switch renaming impacts virtual machines.," Renaming a virtual switch in the HPE GreenLake for Microsoft Azure Stack HCI 22H2 to 23H2 system does not cause immediate disruption for all nodes. However, each connected virtual machine (VM) must be manually disconnected and reconnected after the rename for it to properly cache the new switch name. This action requires downtime and planning as it is disruptive. If this step is skipped, live migrations will fail with an error due to the non-existent destination switch.

On the other hand, renaming a virtual switch on individual nodes simultaneously (Node 2, Node 3, etc.) is considered a non-disruptive change. To find the current name of the virtual switch where Network ATC is configured (usually on Node 1), you can run the command 'Get-VMSwitch | ft Name'. This command returns the name of the virtual switch for further renaming on subsequent nodes.",Core RAG,NA,NA,NA,NA,NA,NA,NA,NA,0,False,False,0.0,0.0,True,0.0,False,Success
EXP20260723031750,2026-07-23 03:17:50,Private Agentic RAG,Phase2,mistral,all-MiniLM-L6-v2,500,50,2,1,2,0.0193,0.0001,0.0,100.2876,100.307,51.58,88.0,13.8,1.89,HPE GreenLake for Microsoft Azure Stack HCI 22H2 to 23H2 Version Upgrade Guide.pdf,2,"106, 119",1520,247,1520,Explain the complete validation workflow before applying the solution upgrade.," The complete validation workflow before applying the solution upgrade, as per the HPE GreenLake for Microsoft Azure Stack HCI 22H2 to 23H2 Version Upgrade Guide, is as follows:

1. First, perform a set of checks to ensure your system meets the requirements for the upgrade. These checks are executed during the solution upgrade process.

2. Run the Environment Checker to verify external connectivity and storage requirements, and to make sure the environment is ready for the solution upgrade. This operation initializes at an unspecified point in the guide (Page 26).

3. The validation tests are then executed. For any critical issues (marked as 'Critical' severity) that block the upgrade, these must be addressed before you proceed with the solution upgrade. A table listing these blocking validation tests can be found on Page 22 of the guide (Table 1. Blocking validation tests for upgrade). Examples include ensuring the Windows OS is upgraded to version 23H2 and that the Azure Stack HCI installation state is stable.

4. Once all checks have been passed, you may proceed with the solution upgrade.

5. After the validation is complete, select Next: Review + Create on the validation screen (Figure 12).

6. On the Review + Create tab, review the summary for the solution upgrade (Figure 13).

7. Finally, select the Apply button to start the actual solution upgrade process. This step is not explicitly mentioned in the provided context but can be assumed as the next logical step after reviewing the summary.",Core RAG,NA,NA,NA,NA,NA,NA,NA,NA,0,False,False,0.0,0.0,True,0.0,False,Success
EXP20260723031908,2026-07-23 03:19:08,Private Agentic RAG,Phase2,mistral,all-MiniLM-L6-v2,500,50,2,1,2,0.0278,0.0001,0.0,74.8878,74.9157,51.56,91.7,14.38,1.31,HPE GreenLake for Microsoft Azure Stack HCI 22H2 to 23H2 Version Upgrade Guide.pdf,2,"46, 51",936,146,936,Describe how Windows Admin Center manages updates.," Windows Admin Center simplifies the process of updating a cluster by providing an easy-to-use interface. You can apply quality updates to your system using this tool. If you've purchased an integrated system from a Microsoft hardware partner, it's possible to get the latest drivers, firmware, and other updates directly from Windows Admin Center after installing the appropriate partner update extensions.

When updating, if you navigate away from the Updates screen while an update is in progress, there could be unexpected behavior such as the history section of the Updates page not populating correctly until the current run is finished. It's recommended to open Windows Admin Center in a new browser tab or window if you wish to continue using the application while the updates are in progress.

After selecting 'Install', Windows Admin Center automatically performs a series of reads and writes necessary for the update process.",Core RAG,NA,NA,NA,NA,NA,NA,NA,NA,0,False,False,0.0,0.0,True,0.0,False,Success
EXP20260723032020,2026-07-23 03:20:20,Private Agentic RAG,Phase2,mistral,all-MiniLM-L6-v2,500,50,2,1,2,0.0234,0.0001,0.0001,70.042,70.0656,51.17,90.8,14.24,1.45,HPE GreenLake for Microsoft Azure Stack HCI 22H2 to 23H2 Version Upgrade Guide.pdf,2,"59, 122",802,118,802,Explain how storage pool upgrades fit into the upgrade workflow.," In the upgrade workflow for HPE GreenLake for Microsoft Azure Stack HCI 22H2 to 23H2, storage pool upgrades are a crucial step. Here's a simplified explanation of how it fits into the process:

1. First, you need to update the cluster functional level using the command `Update-ClusterFunctionalLevel`.

2. Next, you identify the FriendlyName of your storage pool by running the cmdlet `Get-StoragePool`.

3. After identifying the storage pool, you upgrade it to a newer version using the command `Update-StoragePool -FriendlyName ""YourStoragePoolName""` (replace ""YourStoragePoolName"" with the actual name of your storage pool).

This process helps ensure that your storage pool is compatible with the newer version of the software, and it can efficiently handle the updated features and improvements.",Core RAG,NA,NA,NA,NA,NA,NA,NA,NA,0,False,False,0.0,0.0,True,0.0,False,Success
EXP20260723032157,2026-07-23 03:21:57,Private Agentic RAG,Phase2,mistral,all-MiniLM-L6-v2,500,50,2,1,2,0.0201,0.0001,0.0004,94.5354,94.556,51.56,91.3,14.32,1.37,HPE GreenLake for Microsoft Azure Stack HCI 22H2 to 23H2 Version Upgrade Guide.pdf,2,"86, 130",1251,190,1251,"Describe how Compute, Storage, and Management intents are configured."," In the HPE GreenLake for Microsoft Azure Stack HCI, the configuration of Compute, Storage, and Management intents involves running specific commands on the system. Here's a simplified breakdown:

1. **Compute Intent**: This is configured by adding a compute intent using the command `Add-NetIntent -Name Compute -Compute`. The adapter for this intent is specified as ""PCIe Slot 2 Port 1"" and ""PCIe Slot 5 Port 1"". Overrides for these adapters are done using `$MgmtAdapterPropertyOverrides`.

2. **Storage Intent**: Details about the specific command for creating storage intent were not provided in the context, but it is mentioned that before executing this command, certain commands should be run to override automatic storage IP addressing if customer VLAN IDs are being used.

3. **Management Intent**: The management intent does not appear to have a dedicated configuration command in the provided context. However, it seems to use the same adapter property overrides as the Compute intent, specifically ""PCIe Slot 10 Port 2"".

For more detailed information and updates on these procedures, it's recommended to refer to the official HPE GreenLake for Microsoft Azure Stack HCI documentation, which can be accessed through the HPE Support Center.",Core RAG,NA,NA,NA,NA,NA,NA,NA,NA,0,False,False,0.0,0.0,True,0.0,False,Success
EXP20260723032308,2026-07-23 03:23:08,Private Agentic RAG,Phase2,mistral,all-MiniLM-L6-v2,500,50,2,1,2,0.0247,0.0002,0.0005,68.4658,68.4912,51.17,91.6,14.37,1.32,HPE GreenLake for Microsoft Azure Stack HCI 22H2 to 23H2 Version Upgrade Guide.pdf,2,"96, 84",986,163,986,Explain why one node is paused during Network ATC deployment.," During Network ATC deployment for HPE GreenLake for Microsoft Azure Stack HCI, one node is temporarily paused because the deployment process requires specific actions to be performed on each node sequentially. This pause ensures that the changes made to one node do not interfere with the subsequent steps on other nodes.

For instance, during the upgrade process, certain network settings are changed and the Network ATC service is started or restarted on each node. To avoid conflicts, it's essential to perform these actions on one node at a time. Therefore, one node is paused so that its turn can come when all the necessary setup has been completed on other nodes.

After completing the deployment process for all nodes except one, the specified node is resumed and the Network ATC service is started (as described in Steps 3.6 to 3.11 in the HPE GreenLake for Microsoft Azure Stack HCI 22H2 to 23H2 Version Upgrade Guide). This completes the deployment process across all nodes.",Core RAG,NA,NA,NA,NA,NA,NA,NA,NA,0,False,False,0.0,0.0,True,0.0,False,Success
EXP20260723032441,2026-07-23 03:24:41,Private Agentic RAG,Phase2,mistral,all-MiniLM-L6-v2,500,50,2,1,2,0.0186,0.0001,0.0,89.8639,89.8825,51.17,87.8,13.77,1.91,HPE GreenLake for Microsoft Azure Stack HCI 22H2 to 23H2 Version Upgrade Guide.pdf,2,"97, 96",1146,185,1146,Describe the steps required after resuming the paused node.," After resuming a paused node in the HPE GreenLake for Microsoft Azure Stack HCI 22H2 to 23H2 Version Upgrade Guide, you should follow these steps:

1. Check the deployment status of the intents on the resumed node using the `Get-NetIntentStatus` command. This command returns one object per intent for each node in the cluster. If there are multiple nodes and intents, you may see several objects with different statuses. Ensure that the ConfigurationStatus shows Success and ProvisioningStatus shows Completed for all the deployed Intents on the resumed node.

2. Verify the deployment by repeating Step 3.7 from the document. This involves checking the network settings on the resumed node to confirm that they are correctly configured.

3. Post Network ATC observations and changes on the resumed node, following the same steps as you would on any other node in the cluster:
   a. Repeat Step 3.2 only.
   b. Repeat only Steps 3.4 and 3.5 (since Step 3.3 has already been executed on all nodes).
   c. Repeat only Step 3.7 to verify deployment, following the previous steps' guidelines for checking the status of intents and network settings.",Core RAG,NA,NA,NA,NA,NA,NA,NA,NA,0,False,False,0.0,0.0,True,0.0,False,Success
EXP20260723032629,2026-07-23 03:26:29,Private Agentic RAG,Phase2,mistral,all-MiniLM-L6-v2,500,50,2,1,2,0.0209,0.0001,0.0,105.8783,105.8993,51.56,89.2,13.99,1.7,HPE GreenLake for Microsoft Azure Stack HCI 22H2 to 23H2 Version Upgrade Guide.pdf,2,"98, 105",1233,190,1233,Explain how live migration settings are validated.," To validate the live migration settings, you need to run a tool called `Validate-DCB` during the upgrade from HPE GreenLake for Microsoft Azure Stack HCI 22H2 to 23H2. This tool checks the readiness of your system before the upgrade.

However, if an error occurs for live migration limit, you'll need to set a bandwidth limit for live migration manually. To do this, follow these steps:

1. Run the `overrides command` on any one node with the following code:
   ```
   $clusterOverride = New-NetIntentGlobalClus
   ```

It's important to note that before upgrading to 23H2, SMBDirect is renamed to SMB_Direct after implementing Network ATC. So, you must be careful while validating DCB and providing the correct name for SMB_Direct.

Additionally, before starting the upgrade process, it's recommended to use the Environment Checker to validate your system's readiness. This tool generates a report with potential findings that require corrective actions to be taken before updating the solution. Some of these actions might necessitate server reboots. By reviewing this information, you can plan maintenance windows ahead of time to ensure a smooth upgrade process. The same checks are executed during the solution update as well.",Core RAG,NA,NA,NA,NA,NA,NA,NA,NA,0,False,False,0.0,0.0,True,0.0,False,Success
EXP20260723032759,2026-07-23 03:27:59,Private Agentic RAG,Phase2,mistral,all-MiniLM-L6-v2,500,50,2,1,2,0.0232,0.0001,0.0,87.8612,87.8845,51.12,90.4,14.18,1.51,HPE GreenLake for Microsoft Azure Stack HCI 22H2 to 23H2 Version Upgrade Guide.pdf,2,"9, 8",1079,169,1079,Describe the complete switch reconfiguration process.," The complete switch reconfiguration process, as detailed in the HPE GreenLake for Microsoft Azure Stack HCI 22H2 to 23H2 Version Upgrade Guide, involves the following steps:

1. List out the existing virtual switches on node 1. This is done to identify and note down the current network configuration.

2. Evict OCP3-P2 adapter from the existing Compute switch. This step involves removing a specific adapter from the Compute switch that was previously connected.

3. Evict PCIe-P1 adapter from the existing management switch. Similar to step 2, but for the management switch instead of the Compute switch.

4. After evicting the adapters, there is a need to re-configure certain ports in the HPE Aruba Switch - 2. This could involve changing settings such as VLANs, port speeds, and port modes, among others, to accommodate the updated network configuration.

5. The final step would be to complete any additional tasks or configurations required for a successful upgrade to the 23H2 version. This could include software updates, hardware checks, and other miscellaneous tasks.",Core RAG,NA,NA,NA,NA,NA,NA,NA,NA,0,False,False,0.0,0.0,True,0.0,False,Success
EXP20260723033014,2026-07-23 03:30:14,Private Agentic RAG,Phase2,mistral,all-MiniLM-L6-v2,500,50,2,1,2,0.0508,0.0001,0.0001,132.3204,132.3714,51.56,91.7,14.39,1.3,HPE GreenLake for Microsoft Azure Stack HCI 22H2 to 23H2 Version Upgrade Guide.pdf,2,"64, 69",1297,205,1297,Explain how Aruba switch configuration supports Network ATC.," In the provided context, the Aruba switches (specifically the HPE Aruba 8325 Switch 1 and 2) are configured to support Network ATC (Application-Total Cost) in HPE GreenLake for Microsoft Azure Stack HCI.

Here's a simplified explanation:

1. The switches are divided into three main categories: Access, Storage, and Compute. Each category corresponds to a specific VLAN (Virtual Local Area Network), such as <<Storage1_vlan>>, <<Storage2_vlan>>, and <<Compute_vlan>>.

2. Ports on the switches are assigned roles related to these categories. For instance, in 8325 Switch 2, OCP3 - P1 and OCP3 - P2 are configured for Access, PCIe2 - P2 is configured for Storage, and both PCIe2 - P1 and PCIe5 – P1 are configured for Compute.

3. Ports are also set as either Access or Trunk modes. For example, the Storage ports (like PCIe2 - P2 on 8325 Switch 2) are set to Trunk mode, which allows them to carry traffic from multiple VLANs simultaneously.

This configuration allows for efficient management of network resources by separating different types of traffic (Application, Storage, Compute) and ensuring that they flow through the appropriate ports on the Aruba switches. This is how the Aruba switch configuration supports Network ATC in the HPE GreenLake for Microsoft Azure Stack HCI environment.",Core RAG,NA,NA,NA,NA,NA,NA,NA,NA,0,False,False,0.0,0.0,True,0.0,False,Success
EXP20260723033106,2026-07-23 03:31:06,Private Agentic RAG,Phase2,mistral,all-MiniLM-L6-v2,500,50,2,1,2,0.0484,0.0001,0.0,49.2243,49.2728,51.2,92.2,14.46,1.23,HPE GreenLake for Microsoft Azure Stack HCI 22H2 to 23H2 Version Upgrade Guide.pdf,2,"105, 28",694,109,694,Describe how update readiness is verified.," To verify update readiness for HPE GreenLake for Microsoft Azure Stack HCI 22H2 to 23H2, an Environment Checker tool is utilized. This tool checks the system's readiness for the upgrade by executing various checks. The result of this check is a report that lists potential findings requiring corrective actions before the solution update.

These corrective actions may include server reboots, which you can plan during maintenance windows based on the information from the validation report. This process ensures your system is fully prepared for the upcoming solution update.

The readiness checks are detailed in Figure 4 of the guide. The subsequent steps for updates are shown in Figure 5.",Core RAG,NA,NA,NA,NA,NA,NA,NA,NA,0,False,False,0.0,0.0,True,0.0,False,Success
EXP20260723033235,2026-07-23 03:32:35,Private Agentic RAG,Phase2,mistral,all-MiniLM-L6-v2,500,50,2,1,2,0.0214,0.0001,0.0,86.4834,86.5049,51.56,92.5,14.51,1.18,HPE GreenLake for Microsoft Azure Stack HCI 22H2 to 23H2 Version Upgrade Guide.pdf,2,"96, 15",1224,193,1224,Explain how the deployment status of Network ATC intents is verified.," To verify the deployment status of Network ATC intents after upgrading HPE GreenLake for Microsoft Azure Stack HCI from 22H2 to 23H2, follow these steps on each node one at a time:

1. Skip Step 3.6 (Add the Network ATC intent) as it has already been done during the upgrade process.
2. Perform only Steps 3.4 and 3.5 to configure the network settings. Note that Step 3.3 is skipped because switch names are already renamed on all nodes.
3. Repeat only Step 3.7 to verify the deployment on one node by running the command `Get-NetIntentStatus`. This command will display the status of all deployed intents. Ensure that the ConfigurationStatus shows Success and ProvisioningStatus shows Completed for all the deployed Intents. If not, recheck the network settings or investigate any potential issues with the specific intent.
4. Finally, skip Step 3.11 (Resume a paused node) as it is not relevant to verifying the deployment status of Network ATC intents.

In summary, verifying the deployment status of Network ATC intents involves checking their status using the `Get-NetIntentStatus` command and ensuring that ConfigurationStatus shows Success and ProvisioningStatus shows Completed for all deployed Intents on one node.",Core RAG,NA,NA,NA,NA,NA,NA,NA,NA,0,False,False,0.0,0.0,True,0.0,False,Success
EXP20260723033359,2026-07-23 03:33:59,Private Agentic RAG,Phase2,mistral,all-MiniLM-L6-v2,500,50,2,1,2,0.0221,0.0001,0.0,81.6316,81.6538,51.56,91.7,14.38,1.31,HPE GreenLake for Microsoft Azure Stack HCI 22H2 to 23H2 Version Upgrade Guide.pdf,2,"106, 119",1054,162,1054,Describe the complete post-upgrade validation workflow.," The post-upgrade validation workflow for HPE GreenLake for Microsoft Azure Stack HCI 22H2 to 23H2 involves several steps:

1. During the upgrade process, various checks are executed to ensure your system meets the necessary requirements.

2. Critical blocking validation tests are run. If any of these tests fail, the upgrade will not proceed. The table below shows these critical blocking validation tests:

   | Name               | Severity |
   |--------------------|----------|
   | Windows OS is 23H2 | Critical |
   | AKS HCI install sta | Critical |

3. Before starting the operation, it's important to run the Environment Checker. This check verifies external connectivity and storage requirements, and confirms that the environment is prepared for solution upgrade.

4. After the validation process is complete, you can review and begin the upgrade.

5. Upon selecting Next: Review + Create, you'll be directed to a summary page (Figure 13. Review + Create). This is where you can verify the details of the solution upgrade before it proceeds.",Core RAG,NA,NA,NA,NA,NA,NA,NA,NA,0,False,False,0.0,0.0,True,0.0,False,Success
EXP20260723033511,2026-07-23 03:35:11,Private Agentic RAG,Phase2,mistral,all-MiniLM-L6-v2,500,50,2,1,2,0.0231,0.0001,0.0002,68.981,69.0044,51.17,88.8,13.94,1.75,HPE GreenLake for Microsoft Azure Stack HCI 22H2 to 23H2 Version Upgrade Guide.pdf,2,"115, 23",1015,163,1015,Explain how the Azure Portal is used throughout the solution upgrade.," During the solution upgrade from Azure Local version 23H2, the Microsoft Azure portal plays a significant role. Here's a step-by-step explanation:

1. First, ensure that the ""Deployment User"" created as part of Active Directory prerequisites is added to the Local administrator group on all nodes in the cluster. This is an essential preliminary step.

2. Next, go to your Azure Local resource in the Microsoft Azure portal.

3. In the Overview page of your resource, click on the banner that indicates a solution upgrade is available. Then, select the ""Upgrade"" link in the banner. This action initiates the solution upgrade process.

4. After initiating the upgrade, you can monitor the deployment process via the Microsoft Azure portal. This allows you to track the progress of the upgrade and address any potential issues that may arise during the upgrade.

5. The process concludes with Step 5.4 where you continue to monitor the deployment process in the Microsoft Azure portal until the upgrade is complete.",Core RAG,NA,NA,NA,NA,NA,NA,NA,NA,0,False,False,0.0,0.0,True,0.0,False,Success
EXP20260723033634,2026-07-23 03:36:34,Private Agentic RAG,Phase2,mistral,all-MiniLM-L6-v2,500,50,2,1,2,0.0405,0.0001,0.0,80.913,80.9536,51.17,89.4,14.02,1.67,HPE GreenLake for Microsoft Azure Stack HCI 22H2 to 23H2 Version Upgrade Guide.pdf,2,"119, 120",1028,160,1028,Describe the end-to-end upgrade lifecycle.," The end-to-end upgrade lifecycle for HPE GreenLake for Microsoft Azure Stack HCI from version 22H2 to 23H2 involves the following steps:

1. Preparation: Run the Environment Checker to ensure external connectivity, storage requirements, and readiness of the environment for solution upgrade. This is usually found on Page 26 of the HPE GreenLake for Microsoft Azure Stack HCI 22H2 to 23H2 Version Upgrade Guide.

2. Initiate the Upgrade: Select Next: Review + Create after the validation is complete, then choose Review + Create to start the upgrade process on Page 27 of the same guide.

3. Monitor the Deployment Process: After starting the upgrade, you will be automatically taken to Settings > Deployment. Refresh the screen periodically and monitor the upgrade progress using Microsoft Azure portal. Figure 14 in the guide provides details on where to find this information.

4. Wait for Upgrade Completion: The solution upgrade process can take some time. Continue monitoring the deployment until the upgrade is complete.",Core RAG,NA,NA,NA,NA,NA,NA,NA,NA,0,False,False,0.0,0.0,True,0.0,False,Success
EXP20260723033723,2026-07-23 03:37:23,Private Agentic RAG,Phase2,mistral,all-MiniLM-L6-v2,500,50,2,1,2,0.0159,0.0001,0.0006,46.208,46.2245,50.0,90.4,14.19,1.5,HPE GreenLake for Microsoft Azure Stack HCI 22H2 to 23H2 Version Upgrade Guide.pdf,2,"38, 44",376,50,376,What is Azure Stack HCI?," Azure Stack HCI is a hybrid cloud platform designed by Microsoft that allows businesses to run Azure services and applications on-premises while benefiting from similar management tools and infrastructure as Azure. It's an alternative to traditional hyperconverged infrastructure (HCI), offering seamless integration with Azure for data, management, and application services.",Core RAG,NA,NA,NA,NA,NA,NA,NA,NA,0,False,False,0.0,0.0,True,0.0,False,Success
EXP20260723033807,2026-07-23 03:38:07,Private Agentic RAG,Phase2,mistral,all-MiniLM-L6-v2,500,50,2,1,2,0.0314,0.0001,0.0,39.6211,39.6527,51.56,90.7,14.23,1.46,HPE GreenLake for Microsoft Azure Stack HCI 22H2 to 23H2 Version Upgrade Guide.pdf,2,"0, 130",566,88,566,What is HPE GreenLake for Azure Stack HCI?," HPE GreenLake for Azure Stack HCI is a solution offered by Hewlett Packard Enterprise (HPE). It's a hybrid cloud offering that combines Microsoft Azure Stack with HPE technology to provide an on-premises cloud platform. This solution allows businesses to run Azure services and applications from their own data centers while benefiting from the same management tools, infrastructure, and service models as Azure. The version 1.1.2025.1 is supported by a version upgrade guide which can be accessed through the HPE Support Center after logging in as an HPE employee.",Core RAG,NA,NA,NA,NA,NA,NA,NA,NA,0,False,False,0.0,0.0,True,0.0,False,Success
EXP20260723033859,2026-07-23 03:38:59,Private Agentic RAG,Phase2,mistral,all-MiniLM-L6-v2,500,50,2,1,2,0.0304,0.0001,0.0,48.7857,48.8163,51.17,91.9,14.41,1.28,HPE GreenLake for Microsoft Azure Stack HCI 22H2 to 23H2 Version Upgrade Guide.pdf,2,"6, 107",537,86,537,What is Cluster Functional Level?," The Cluster Functional Level refers to the highest feature level that can be enabled on a Windows Server Failover Cluster (WSFC). It determines the set of features available for use within the cluster environment. This is important during an upgrade process as it ensures compatibility between the new and old versions of the software, allowing for smooth transition. In the given context, the update of the Cluster Functional Level is mentioned in the HPE GreenLake for Microsoft Azure Stack HCI 22H2 to 23H2 Version Upgrade Guide.pdf.",Core RAG,NA,NA,NA,NA,NA,NA,NA,NA,0,False,False,0.0,0.0,True,0.0,False,Success
EXP20260723033941,2026-07-23 03:39:41,Private Agentic RAG,Phase2,mistral,all-MiniLM-L6-v2,500,50,2,1,2,0.0156,0.0001,0.0,39.4226,39.4383,51.56,92.0,14.44,1.25,HPE GreenLake for Microsoft Azure Stack HCI 22H2 to 23H2 Version Upgrade Guide.pdf,2,"59, 58",483,78,483,What is a Storage Pool?," A Storage Pool is a logical container in a storage system that combines multiple physical disks to form a larger pool of storage space. This allows for more efficient use of storage resources by allowing the operating system to dynamically allocate and manage the storage across all available physical disks. In the context provided, it refers to a specific storage pool named ""S2D on hci-cluster1"" used within an Azure Stack HCI cluster managed by Hewlett Packard Enterprise (HPE).",Core RAG,NA,NA,NA,NA,NA,NA,NA,NA,0,False,False,0.0,0.0,True,0.0,False,Success
EXP20260723034035,2026-07-23 03:40:35,Private Agentic RAG,Phase2,mistral,all-MiniLM-L6-v2,500,50,2,1,2,0.0194,0.0001,0.0,51.7647,51.7843,51.17,92.6,14.52,1.17,HPE GreenLake for Microsoft Azure Stack HCI 22H2 to 23H2 Version Upgrade Guide.pdf,2,"48, 47",503,80,503,What is Cluster Aware Updating?," Cluster Aware Updating (CAU) is a tool designed to perform updates or upgrades on a cluster of servers in a coordinated manner, ensuring that all servers in the cluster are updated at the same time with minimal downtime. However, during the update process for HPE GreenLake for Microsoft Azure Stack HCI, it's recommended to complete the update using Windows Admin Center and not use Cluster-Aware Updating (CAU) tool or PowerShell after partially completing the update process in Windows Admin Center.",Core RAG,NA,NA,NA,NA,NA,NA,NA,NA,0,False,False,0.0,0.0,True,0.0,False,Success
EXP20260723034110,2026-07-23 03:41:10,Private Agentic RAG,Phase2,mistral,all-MiniLM-L6-v2,500,50,2,1,2,0.0223,0.0001,0.0,32.8423,32.8647,50.06,93.0,14.59,1.09,HPE GreenLake for Microsoft Azure Stack HCI 22H2 to 23H2 Version Upgrade Guide.pdf,2,"84, 96",462,71,462,What is Network ATC?," Network ATC (Automated Topology Controller) is a service used in HPE GreenLake for Microsoft Azure Stack HCI. It helps manage network configurations across cluster nodes, especially for Fully Disaggregated Host Networking. The service needs to be started only on a paused node using specific commands mentioned in the upgrade guide. After starting, it's crucial to set up Network ATC settings across all nodes and ensure that the intents are deployed correctly.",Core RAG,NA,NA,NA,NA,NA,NA,NA,NA,0,False,False,0.0,0.0,True,0.0,False,Success
EXP20260723034200,2026-07-23 03:42:00,Private Agentic RAG,Phase2,mistral,all-MiniLM-L6-v2,500,50,2,1,2,0.0194,0.0001,0.0,47.6134,47.6329,51.56,93.5,14.68,1.01,HPE GreenLake for Microsoft Azure Stack HCI 22H2 to 23H2 Version Upgrade Guide.pdf,2,"16, 90",484,71,484,What is a VMSwitch?," A VMSwitch, short for Virtual Miniport Switch, is a software-defined network switch in Windows Server that allows virtual machines (VMs) to communicate with each other and with the physical network. It functions similarly to a physical switch but operates within the software environment of a host server. The process described in the upgrade guide involves renaming VMSwitches on multiple nodes during an update, which ensures network continuity without disrupting VM communication.",Core RAG,NA,NA,NA,NA,NA,NA,NA,NA,0,False,False,0.0,0.0,True,0.0,False,Success
EXP20260723034242,2026-07-23 03:42:42,Private Agentic RAG,Phase2,mistral,all-MiniLM-L6-v2,500,50,2,1,2,0.0319,0.0001,0.0,39.6489,39.6809,50.77,93.2,14.63,1.06,HPE GreenLake for Microsoft Azure Stack HCI 22H2 to 23H2 Version Upgrade Guide.pdf,2,"84, 80",472,70,472,What is a Network Intent?," A Network Intent, in the context of HPE GreenLake for Microsoft Azure Stack HCI, is a configuration that defines how network resources should be managed across cluster nodes. It's a set of instructions for the Network Automation and Telemetry Collector (NetworkATC) service to configure networking components such as Management, Compute, and Storage in a Fully Disaggregated Intent Type. This intent is managed across multiple nodes to ensure efficient network operation.",Core RAG,NA,NA,NA,NA,NA,NA,NA,NA,0,False,False,0.0,0.0,True,0.0,False,Success
EXP20260723034337,2026-07-23 03:43:37,Private Agentic RAG,Phase2,mistral,all-MiniLM-L6-v2,500,50,2,1,2,0.0219,0.0001,0.0,52.2602,52.2822,51.56,97.7,15.32,0.37,HPE GreenLake for Microsoft Azure Stack HCI 22H2 to 23H2 Version Upgrade Guide.pdf,2,"49, 105",430,69,430,What is CredSSP?," CredSSP stands for Credential Security Service Provider. It's a security protocol used in Windows environments to secure credentials when they are passed between the client and the server during remote procedure calls (RPC). In the context of the HPE GreenLake for Microsoft Azure Stack HCI 22H2 to 23H2 Version Upgrade Guide, it is necessary to enable CredSSP when using the CAU tool in Windows Admin Center for feature updates.",Core RAG,NA,NA,NA,NA,NA,NA,NA,NA,0,False,False,0.0,0.0,True,0.0,False,Success
EXP20260723034408,2026-07-23 03:44:08,Private Agentic RAG,Phase2,mistral,all-MiniLM-L6-v2,500,50,2,1,2,0.0662,0.0002,0.0003,26.2264,26.2932,47.61,91.7,14.38,1.31,HPE GreenLake for Microsoft Azure Stack HCI 22H2 to 23H2 Version Upgrade Guide.pdf,2,"46, 51",344,53,344,What is Windows Admin Center?," Windows Admin Center is a tool that simplifies managing a server cluster and applying updates using a user-friendly interface. It can also help you get the latest drivers, firmware, and other updates from Microsoft hardware partners if you've purchased an integrated system. If not, it can still perform firmware and driver updates separately.",Core RAG,NA,NA,NA,NA,NA,NA,NA,NA,0,False,False,0.0,0.0,True,0.0,False,Success
EXP20260723034454,2026-07-23 03:44:54,Private Agentic RAG,Phase2,mistral,all-MiniLM-L6-v2,500,50,2,1,2,0.0316,0.0001,0.0076,43.8599,43.8992,51.56,88.5,13.89,1.8,HPE GreenLake for Microsoft Azure Stack HCI 22H2 to 23H2 Version Upgrade Guide.pdf,2,"124, 114",371,52,371,What is Azure Arc?," Azure Arc is a service offered by Microsoft that extends Azure (cloud services) to other environments, such as on-premises datacenters, edge locations, or other infrastructure. It allows you to manage and deploy resources consistently across various environments from within the Azure portal. This helps in maintaining uniform security policies and management practices.",Core RAG,NA,NA,NA,NA,NA,NA,NA,NA,0,False,False,0.0,0.0,True,0.0,False,Success
EXP20260723034533,2026-07-23 03:45:33,Private Agentic RAG,Phase2,mistral,all-MiniLM-L6-v2,500,50,2,1,2,0.02,0.0001,0.0,36.3624,36.3825,51.56,88.7,13.91,1.77,HPE GreenLake for Microsoft Azure Stack HCI 22H2 to 23H2 Version Upgrade Guide.pdf,2,"46, 132",490,72,490,What is an integrated hardware partner extension?," An integrated hardware partner extension, as mentioned in the context, refers to software add-ons provided by Microsoft's hardware partners (like HPE) that can be installed via Windows Admin Center. These extensions make it easier to update drivers, firmware, and other system components directly, especially if you have purchased an integrated system from these partners. If your hardware wasn't purchased as an integrated system, you would need to update drivers and firmware separately.",Core RAG,NA,NA,NA,NA,NA,NA,NA,NA,0,False,False,0.0,0.0,True,0.0,False,Success
EXP20260723034612,2026-07-23 03:46:12,Private Agentic RAG,Phase2,mistral,all-MiniLM-L6-v2,500,50,2,1,2,0.021,0.0001,0.0,36.0377,36.0588,50.79,89.2,13.99,1.7,HPE GreenLake for Microsoft Azure Stack HCI 22H2 to 23H2 Version Upgrade Guide.pdf,2,"105, 28",496,79,496,What is the purpose of Readiness Checks?," The purpose of Readiness Checks, as described in the HPE GreenLake for Microsoft Azure Stack HCI 22H2 to 23H2 Version Upgrade Guide, is to validate the system's readiness before upgrading the solution. This process helps identify potential issues that might need corrective actions to ensure the system is ready for the update. Some of these actions may require server reboots. The results from these checks allow you to plan maintenance windows ahead of time, ensuring a smooth upgrade process.",Core RAG,NA,NA,NA,NA,NA,NA,NA,NA,0,False,False,0.0,0.0,True,0.0,False,Success
EXP20260723034652,2026-07-23 03:46:52,Private Agentic RAG,Phase2,mistral,all-MiniLM-L6-v2,500,50,2,1,2,0.0704,0.0001,0.0,37.596,37.6665,51.17,89.1,13.97,1.71,HPE GreenLake for Microsoft Azure Stack HCI 22H2 to 23H2 Version Upgrade Guide.pdf,2,"53, 106",340,50,340,Why is Kernel Soft Reboot disabled during upgrade?," During an upgrade from HPE GreenLake for Microsoft Azure Stack HCI 22H2 to 23H2, Kernel Soft Reboot is intentionally disabled because the upgrade process requires a full reboot of each server involved. Disabling Kernel Soft Reboot ensures that the system reboots completely and applies all necessary updates correctly without interruption.",Core RAG,NA,NA,NA,NA,NA,NA,NA,NA,0,False,False,0.0,0.0,True,0.0,False,Success
EXP20260723034732,2026-07-23 03:47:32,Private Agentic RAG,Phase2,mistral,all-MiniLM-L6-v2,500,50,2,1,2,0.0187,0.0001,0.0,38.1597,38.1785,51.56,89.2,13.99,1.69,HPE GreenLake for Microsoft Azure Stack HCI 22H2 to 23H2 Version Upgrade Guide.pdf,2,"46, 106",471,72,471,Why are firmware updates important during OS upgrade?," Firmware updates are important during an Operating System (OS) upgrade because they ensure that all hardware components are compatible with the new OS version. This is crucial to maintain system stability and performance after the upgrade. If firmware isn't updated, there could be potential compatibility issues that may cause problems or prevent the successful installation of the new OS. In some cases, these updates can even improve the performance of your hardware.",Core RAG,NA,NA,NA,NA,NA,NA,NA,NA,0,False,False,0.0,0.0,True,0.0,False,Success
EXP20260723034821,2026-07-23 03:48:21,Private Agentic RAG,Phase2,mistral,all-MiniLM-L6-v2,500,50,2,1,2,0.0155,0.0001,0.0,46.5716,46.5873,51.56,89.5,14.04,1.65,HPE GreenLake for Microsoft Azure Stack HCI 22H2 to 23H2 Version Upgrade Guide.pdf,2,"103, 128",499,72,499,Why is Network ATC mandatory before solution upgrade?," The Network Adapter Teaming (Network ATC) is mandatory before the solution upgrade because it helps verify the network configuration of your Microsoft Azure Stack HCI cluster. During an upgrade, Network ATC ensures that your nodes have proper networking settings for seamless operation with the new version. Specifically, it checks for important settings like driver configuration and prevents issues related to Preview versions of Arc Resource Bridge or incorrect network traffic control settings.",Core RAG,NA,NA,NA,NA,NA,NA,NA,NA,0,False,False,0.0,0.0,True,0.0,False,Success
EXP20260723034914,2026-07-23 03:49:14,Private Agentic RAG,Phase2,mistral,all-MiniLM-L6-v2,500,50,2,1,2,0.0335,0.0001,0.0,49.747,49.7806,50.44,93.4,14.66,1.03,HPE GreenLake for Microsoft Azure Stack HCI 22H2 to 23H2 Version Upgrade Guide.pdf,2,"46, 67",511,74,511,Why are similar adapters required in a SET team?," In a SET (Switched Ethernet Team) team, similar adapters are required to ensure that data traffic is balanced evenly between them for improved network performance and redundancy. By grouping identical network adapters into a SET, the system can automatically switch traffic to an alternative adapter if one fails, maintaining network availability. In the context provided, both ""computevswitch"" and ""mgmtvswitch"" are examples of SET switches where similar adapters have been grouped together for such purposes.",Core RAG,NA,NA,NA,NA,NA,NA,NA,NA,0,False,False,0.0,0.0,True,0.0,False,Success
EXP20260723035017,2026-07-23 03:50:17,Private Agentic RAG,Phase2,mistral,all-MiniLM-L6-v2,500,50,2,1,2,0.0166,0.0001,0.0,61.1939,61.2106,50.77,91.3,14.32,1.37,HPE GreenLake for Microsoft Azure Stack HCI 22H2 to 23H2 Version Upgrade Guide.pdf,2,"56, 124",611,96,611,Why is storage synchronization expected after reboot?," After rebooting a server in a cluster that uses HPE GreenLake for Microsoft Azure Stack HCI 22H2 to 23H2, storage synchronization is expected because during the restart, the storage might not be complete or up-to-date. This means that there may be inconsistencies between the server's storage and the other servers in the cluster. To ensure data integrity, it is necessary to sync the storage with data from other servers until you receive confirmation that the synchronization process has completed successfully. During this time, you should avoid removing any drives or restarting any servers in the cluster.",Core RAG,NA,NA,NA,NA,NA,NA,NA,NA,0,False,False,0.0,0.0,True,0.0,False,Success
EXP20260723035206,2026-07-23 03:52:06,Private Agentic RAG,Phase2,mistral,all-MiniLM-L6-v2,500,50,2,1,2,0.0259,0.0001,0.0,106.077,106.103,51.56,92.4,14.5,1.19,HPE GreenLake for Microsoft Azure Stack HCI 22H2 to 23H2 Version Upgrade Guide.pdf,2,"13, 96",1251,200,1251,What are post Network ATC observations?," Post Network ATC observations in the context of the provided documents refer to checks and verifications that should be done after the Network Automatic Configuration Tool (ATC) service has been applied on all nodes in an Azure Stack HCI cluster during a version upgrade from 22H2 to 23H2.

After completing the Network ATC service on all nodes, it is recommended to:
1. Repeat the process of pausing one node at a time, moving all workloads to other nodes (as done in Step 3.2). This ensures that no node remains with active workloads while others are being configured.
2. On each paused node, repeat only Steps 3.4 and 3.5 (excluding Step 3.3 as Switch configurations have already been renamed on all nodes). This helps in renaming the virtual switches and ensuring their proper functioning.
3. Repeat only Step 3.7 to verify the deployment. Specifically, check that Get-NetIntentStatus shows that the ConfigurationStatus is Success and ProvisioningStatus is Completed for all deployed Intents.
4. Finally, repeat Step 3.11 to resume the paused node.

These post Network ATC observations help in ensuring a smooth and successful upgrade process of the Azure Stack HCI version from 22H2 to 23H2 while maintaining network configurations and services.",Core RAG,NA,NA,NA,NA,NA,NA,NA,NA,0,False,False,0.0,0.0,True,0.0,False,Success
EXP20260723035251,2026-07-23 03:52:51,Private Agentic RAG,Phase2,mistral,all-MiniLM-L6-v2,500,50,2,1,2,0.0182,0.0001,0.0,42.6172,42.6355,51.17,91.5,14.35,1.34,HPE GreenLake for Microsoft Azure Stack HCI 22H2 to 23H2 Version Upgrade Guide.pdf,2,"106, 105",602,93,602,Why are validation tests performed before solution upgrade?," Validation tests are performed before a solution upgrade to ensure that the system meets all necessary requirements for the new version. This is done to avoid any potential issues or compatibility problems during the upgrade process. These critical tests block the upgrade if they detect any issues that need to be addressed first. To check the readiness of the system, tools like the Environment Checker are used, which generate a report with potential findings and required corrective actions. Some of these actions may require server reboots, allowing users to plan maintenance windows accordingly.",Core RAG,NA,NA,NA,NA,NA,NA,NA,NA,0,False,False,0.0,0.0,True,0.0,False,Success
EXP20260723035420,2026-07-23 03:54:20,Private Agentic RAG,Phase2,mistral,all-MiniLM-L6-v2,500,50,2,1,2,0.0291,0.0001,0.0,86.1123,86.1415,51.56,87.2,13.69,2.0,HPE GreenLake for Microsoft Azure Stack HCI 22H2 to 23H2 Version Upgrade Guide.pdf,2,"119, 122",797,128,797,Summarize the entire upgrade guide.," The HPE GreenLake for Microsoft Azure Stack HCI Version Upgrade Guide (HPE INTERNAL USE ONLY) outlines the process to upgrade from 22H2 to 23H2.

1. Begin the operation and run the Environment Checker to confirm external connectivity, storage requirements, and readiness for solution upgrade (Page 26).

2. After validation, select ""Next: Review + Create"" (Page 27).

3. On the ""Review + Create"" tab, review the summary of the solution upgrade (Page 27).

4. Post-upgrade, verify the following resources in the resource group:
   - Machine - Azure Arc: 1 per machine
   - Azure Local: 1
   - Arc Resource Bridge: 1 with ""-arcbridge"" suffix by default
   - Custom location: 1 with ""-cl"" suffix by default
   - Key Vault: 1 (Page 28).

5. Perform additional post-upgrade tasks as needed (Step 5.5).",Core RAG,NA,NA,NA,NA,NA,NA,NA,NA,0,False,False,0.0,0.0,True,0.0,False,Success
EXP20260723035539,2026-07-23 03:55:39,Private Agentic RAG,Phase2,mistral,all-MiniLM-L6-v2,500,50,2,1,2,0.0179,0.0001,0.0,77.0485,77.0665,51.17,88.8,13.93,1.76,HPE GreenLake for Microsoft Azure Stack HCI 22H2 to 23H2 Version Upgrade Guide.pdf,2,"104, 42",1010,147,1010,Summarize the OS upgrade process.," To upgrade your operating system (OS) on an HPE GreenLake for Microsoft Azure Stack HCI 22H2 cluster to 23H2, follow these steps:

1. Prepare: Ensure you have met all the prerequisites such as checking resource bridge, sufficient storage space, installing required and optional Windows features, enabling Application Control policies, suspending BitLocker, setting the OS language, and validating your system using Environment Checker. (Reference: HPE GreenLake for Microsoft Azure Stack HCI 22H2 to 23H2 Version Upgrade Guide.pdf)

2. Connect: Connect to your Microsoft Azure Stack HCI, version 22H2 cluster.

3. Check for updates: Use Windows Admin Center to check for the available OS, hardware, and extension updates.

4. Install updates: Install the new OS, hardware, and extension updates using Windows Admin Center.

5. Post-upgrade steps: Perform post-OS upgrade steps after the installation is complete. (References: HPE GreenLake for Microsoft Azure Stack HCI 22H2 to 23H2 Version Upgrade Guide.pdf)",Core RAG,NA,NA,NA,NA,NA,NA,NA,NA,0,False,False,0.0,0.0,True,0.0,False,Success
EXP20260723035624,2026-07-23 03:56:24,Private Agentic RAG,Phase2,mistral,all-MiniLM-L6-v2,500,50,2,1,2,0.0226,0.0001,0.0,42.8808,42.9035,51.17,90.0,14.12,1.57,HPE GreenLake for Microsoft Azure Stack HCI 22H2 to 23H2 Version Upgrade Guide.pdf,2,"120, 123",458,73,458,Summarize the post-upgrade tasks.," After upgrading HPE GreenLake for Microsoft Azure Stack HCI from 22H2 to 23H2, additional tasks are necessary:

1. Resource consumption increases after the upgrade due to the installation of new services.
2. To secure your system and ensure it's ready for workloads, you need to complete post-upgrade tasks. These tasks can be found in the Post Solution Upgrade Tasks section on Microsoft Learn's Install solution upgrade on Azure Local - Azure Local guide.",Core RAG,NA,NA,NA,NA,NA,NA,NA,NA,0,False,False,0.0,0.0,True,0.0,False,Success
EXP20260723035727,2026-07-23 03:57:27,Private Agentic RAG,Phase2,mistral,all-MiniLM-L6-v2,500,50,2,1,2,0.028,0.0001,0.0,59.9266,59.9547,50.77,90.6,14.21,1.48,HPE GreenLake for Microsoft Azure Stack HCI 22H2 to 23H2 Version Upgrade Guide.pdf,2,"96, 15",744,119,744,Summarize the Network ATC deployment process.," The Network ATC deployment process during the version upgrade from HPE GreenLake for Microsoft Azure Stack HCI 22H2 to 23H2 involves the following steps:

1. On each node, repeat Step 3.2 (presumably related to configuring Network ATC settings).
2. On each node, repeat only Steps 3.4 and 3.5, skipping Step 3.3 as Switches are already renamed on all nodes.
3. Verify the deployment on one node by repeating Step 3.7. Ensure that the Get-NetIntentStatus command shows that the ConfigurationStatus is Success and ProvisioningStatus is Completed for all deployed Intents.
4. Resume a paused node by repeating Step 3.11.
5. Not explicitly mentioned but implied, add the Network ATC intent by following Step 3.6 (assuming this is before Step 3.2).",Core RAG,NA,NA,NA,NA,NA,NA,NA,NA,0,False,False,0.0,0.0,True,0.0,False,Success
EXP20260723035838,2026-07-23 03:58:38,Private Agentic RAG,Phase2,mistral,all-MiniLM-L6-v2,500,50,2,1,2,0.0162,0.0001,0.0,69.0589,69.0752,51.17,91.4,14.33,1.36,HPE GreenLake for Microsoft Azure Stack HCI 22H2 to 23H2 Version Upgrade Guide.pdf,2,"36, 106",786,124,786,Summarize the validation process.," The validation process for upgrading HPE GreenLake for Microsoft Azure Stack HCI from 22H2 to 23H2 involves two types of tests: non-blocking and blocking.

Non-blocking validation tests are executed during the upgrade process. These checks ensure that your system meets the general requirements for the upgrade but do not prevent the upgrade if they fail.

Blocking validation tests, on the other hand, are critical checks that must be addressed before applying the solution upgrade. If any of these tests fail, you cannot proceed with the upgrade until the issues have been resolved.

The blocking validation tests listed in the guide include:
1. The Windows OS being 23H2
2. A successful installation state for Azure Arc-enabled Kubernetes on Azure Stack HCI (AKS HCI install status)",Core RAG,NA,NA,NA,NA,NA,NA,NA,NA,0,False,False,0.0,0.0,True,0.0,False,Success
EXP20260723035941,2026-07-23 03:59:41,Private Agentic RAG,Phase2,mistral,all-MiniLM-L6-v2,500,50,2,1,2,0.0131,0.0001,0.0,60.5202,60.5335,51.17,91.8,14.4,1.29,HPE GreenLake for Microsoft Azure Stack HCI 22H2 to 23H2 Version Upgrade Guide.pdf,2,"119, 106",810,125,810,Summarize the solution upgrade process.," The solution upgrade process involves several steps:

1. First, run the Environment Checker to ensure your system meets the requirements for external connectivity, storage, and overall readiness for the solution upgrade.

2. After the environment validation is complete, review the summary of the solution upgrade.

3. If there are no critical issues blocking the upgrade (as indicated by the validation tests), you can proceed with the solution upgrade by selecting 'Next: Review + Create'.

4. On the 'Review + Create' tab, review the summary again before applying the solution upgrade.

It's important to note that if any critical issues are found during the validation process (such as an outdated Windows OS or incomplete AKS HCI installation), these must be addressed before proceeding with the upgrade.",Core RAG,NA,NA,NA,NA,NA,NA,NA,NA,0,False,False,0.0,0.0,True,0.0,False,Success
EXP20260723040035,2026-07-23 04:00:35,Private Agentic RAG,Phase2,mistral,all-MiniLM-L6-v2,500,50,2,1,2,0.0203,0.0001,0.0,51.547,51.5674,51.56,92.4,14.5,1.19,HPE GreenLake for Microsoft Azure Stack HCI 22H2 to 23H2 Version Upgrade Guide.pdf,2,"119, 104",605,88,605,Summarize the prerequisites for upgrading.," To upgrade HPE GreenLake for Microsoft Azure Stack HCI from version 22H2 to 23H2, follow these prerequisites:

1. Run the Environment Checker to validate external connectivity, storage requirements, and solution readiness.
2. Ensure Resource Bridge is running on your cluster.
3. Verify that sufficient storage space is available for infrastructure volume.
4. Install required and optional Windows features as necessary.
5. Enable Application Control policies.
6. Suspend BitLocker if applicable.
7. Check the OS language.
8. Review and remediate any validation checks that may block the upgrade process.",Core RAG,NA,NA,NA,NA,NA,NA,NA,NA,0,False,False,0.0,0.0,True,0.0,False,Success
EXP20260723040127,2026-07-23 04:01:27,Private Agentic RAG,Phase2,mistral,all-MiniLM-L6-v2,500,50,2,1,2,0.0332,0.0001,0.0,49.0985,49.1318,50.39,93.2,14.62,1.07,HPE GreenLake for Microsoft Azure Stack HCI 22H2 to 23H2 Version Upgrade Guide.pdf,2,"39, 130",333,52,333,Summarize supported workloads discussed in the guide.," The HPE GreenLake for Microsoft Azure Stack HCI Version Upgrade Guide discusses the following supported workloads:

1. Azure Kubernetes (AKS) on Microsoft Azure Stack HCI, but there is a note about incompatibility between version 22H2 and 23H2, suggesting that AKS and its settings may need to be removed during the upgrade process.",Core RAG,NA,NA,NA,NA,NA,NA,NA,NA,0,False,False,0.0,0.0,True,0.0,False,Success
EXP20260723040225,2026-07-23 04:02:25,Private Agentic RAG,Phase2,mistral,all-MiniLM-L6-v2,500,50,2,1,2,0.0239,0.0001,0.0,55.3832,55.4072,50.39,93.1,14.61,1.08,HPE GreenLake for Microsoft Azure Stack HCI 22H2 to 23H2 Version Upgrade Guide.pdf,2,"5, 37",663,108,663,Summarize the changes introduced after upgrading to 23H2.," After upgrading to 23H2 from the previous version (22H2), the following key changes occur:

1. The operating system is upgraded to the new version (23H2). Details on how to perform this upgrade are provided in the document ""HPE GreenLake for Microsoft Azure Stack HCI 22H2 to 23H2 Version Upgrade Guide"" starting from page 5.

2. Post-OS upgrade tasks are performed, as outlined in the same guide beginning from page 9.

3. There might be updates to cluster functionalities, but specific details are not provided in the given documents.

4. The document revision history indicates that this upgrade guide is in version 1.1.2025.1 and was revised in January 2025.",Core RAG,NA,NA,NA,NA,NA,NA,NA,NA,0,False,False,0.0,0.0,True,0.0,False,Success
EXP20260723040326,2026-07-23 04:03:26,Private Agentic RAG,Phase2,mistral,all-MiniLM-L6-v2,500,50,2,1,2,0.0164,0.0001,0.0,59.1282,59.1446,51.02,93.8,14.72,0.97,HPE GreenLake for Microsoft Azure Stack HCI 22H2 to 23H2 Version Upgrade Guide.pdf,2,"11, 69",449,66,449,Summarize the Windows roles required for version 23H2.," The Windows roles required for version 23H2 include:

1. Network ATC (based on the first document)

Additionally, from the second document, while specific features aren't explicitly mentioned, it can be inferred that the following network components are necessary:

2. Storage VLANs (<<Storage1_vlan>> and <<Storage2_vlan>>)
3. Compute VLAN (<<Compute_vlan>>)
4. Trunk configuration on PCIe2 - P1, PCIe5 – P1, PCIe2 - P2, and PCIe5 - P2 interfaces.",Core RAG,NA,NA,NA,NA,NA,NA,NA,NA,0,False,False,0.0,0.0,True,0.0,False,Success
EXP20260723040435,2026-07-23 04:04:35,Private Agentic RAG,Phase2,mistral,all-MiniLM-L6-v2,500,50,2,1,2,0.0395,0.0001,0.0,66.1136,66.1533,50.0,84.9,13.31,2.37,HPE GreenLake for Microsoft Azure Stack HCI 22H2 to 23H2 Version Upgrade Guide.pdf,2,"104, 119",789,113,789,What are the most important considerations before beginning the upgrade?," Before beginning the upgrade of HPE GreenLake for Microsoft Azure Stack HCI from version 22H2 to 23H2, it's crucial to consider the following:

1. Ensure that the Resource Bridge running on your cluster is functioning correctly.
2. Verify that there is sufficient storage space available for infrastructure volume.
3. Perform checks such as installation of required and optional Windows features, enabling Application Control policies, suspending BitLocker, and confirming the OS language.
4. Review and remediate any validation checks that might be blocking the upgrade using the provided Environment Checker tool to validate system readiness.
5. Begin the operation by running the Environment Checker to assess external connectivity, storage requirements, and overall upgrade readiness.",Core RAG,NA,NA,NA,NA,NA,NA,NA,NA,0,False,False,0.0,0.0,True,0.0,False,Success
EXP20260723040544,2026-07-23 04:05:44,Private Agentic RAG,Phase2,mistral,all-MiniLM-L6-v2,500,50,2,1,2,0.0228,0.0001,0.0,66.0035,66.0264,50.39,86.1,13.51,2.17,HPE GreenLake for Microsoft Azure Stack HCI 22H2 to 23H2 Version Upgrade Guide.pdf,2,"106, 104",915,135,915,What risks are highlighted during the upgrade process?," During the upgrade process, risks that are highlighted include:

1. The Windows Operating System version not being 23H2 (Critical). This means if your system is not already on version 23H2, the upgrade cannot proceed until this issue is resolved.

2. Issues with Resource Bridge running on your cluster. If Resource Bridge is not functioning correctly, it could potentially block the upgrade process.

3. Insufficient storage space for infrastructure volume. If there isn't enough available storage space, the upgrade may fail or encounter issues.

4. Other checks such as installation of required and optional Windows features, enablement of Application Control policies, BitLocker suspension, and OS language need to be performed. Any problems in these areas could potentially hinder the upgrade process.

It's also recommended to use Microsoft's Environment Checker to validate system readiness for the upgrade.",Core RAG,NA,NA,NA,NA,NA,NA,NA,NA,0,False,False,0.0,0.0,True,0.0,False,Success
EXP20260723040636,2026-07-23 04:06:36,Private Agentic RAG,Phase2,mistral,all-MiniLM-L6-v2,500,50,2,1,2,0.0363,0.0001,0.0,50.1245,50.1609,51.2,87.1,13.66,2.03,HPE GreenLake for Microsoft Azure Stack HCI 22H2 to 23H2 Version Upgrade Guide.pdf,2,"130, 131",354,52,354,What best practices are recommended throughout the document?," The document does not explicitly provide best practices throughout it. However, it does recommend using the Feedback button and icons on the Hewlett Packard Enterprise Support Center portal (hpe.com/support/hpesc) to send any errors, suggestions, or comments about the documentation to help improve it. The document is marked as ""HPE INTERNAL USE ONLY.""",Core RAG,NA,NA,NA,NA,NA,NA,NA,NA,0,False,False,0.0,0.0,True,0.0,False,Success
EXP20260723040808,2026-07-23 04:08:08,Private Agentic RAG,Phase2,mistral,all-MiniLM-L6-v2,500,50,2,1,2,0.019,0.0001,0.0,89.4123,89.4313,50.39,87.2,13.68,2.01,HPE GreenLake for Microsoft Azure Stack HCI 22H2 to 23H2 Version Upgrade Guide.pdf,2,"104, 106",1186,180,1186,Compare the different OS upgrade methods discussed.," In the context provided, there is only one OS upgrade method discussed which is the HPE GreenLake for Microsoft Azure Stack HCI 22H2 to 23H2 version upgrade. This process includes several steps:

1. Ensuring that the rc Resource Bridge is running on your cluster.
2. Verifying that there is sufficient storage space available for the infrastructure volume.
3. Performing checks such as installation of required and optional Windows features, enabling Application Control policies, suspending BitLocker, and checking the OS language.
4. Reviewing and remediating validation checks that block the upgrade using the Environment Checker tool.
5. The same checks are executed during the solution upgrade to ensure the system meets the requirements. Any blocking validation tests with a severity of 'Critical' must be addressed before applying the solution upgrade. For example, the Windows OS should be 23H2 and AKS HCI installation status should be 'Installed'.

In summary, the given document discusses a single method for upgrading from HPE GreenLake for Microsoft Azure Stack HCI 22H2 to 23H2 version. This process includes various checks and validations to ensure a successful upgrade.",Core RAG,NA,NA,NA,NA,NA,NA,NA,NA,0,False,False,0.0,0.0,True,0.0,False,Success
EXP20260723040929,2026-07-23 04:09:29,Private Agentic RAG,Phase2,mistral,all-MiniLM-L6-v2,500,50,2,1,2,0.0321,0.0001,0.0,78.4279,78.4601,51.56,88.5,13.89,1.8,HPE GreenLake for Microsoft Azure Stack HCI 22H2 to 23H2 Version Upgrade Guide.pdf,2,"104, 46",1219,181,1219,Compare PowerShell and Windows Admin Center for upgrading.," For upgrading HPE GreenLake for Microsoft Azure Stack HCI from version 22H2 to 23H2, both PowerShell and Windows Admin Center can be used, but they offer different experiences.

PowerShell provides a command-line interface where you would manually run specific commands for the upgrade process. This requires a deeper understanding of the system's intricacies and is more suitable for advanced users or IT professionals.

On the other hand, Windows Admin Center offers a user-friendly graphical interface that simplifies the upgrade process. It allows you to update your cluster and apply quality updates with ease. Using this tool, you can also verify upgrade readiness by running checks on various aspects such as storage space, installation of required features, Application Control policies, BitLocker suspension, OS language, and validation checks that may block the upgrade.

If you have purchased an integrated system from a Microsoft hardware partner, Windows Admin Center also makes it easy to get the latest drivers, firmware, and other updates directly. However, for systems not purchased as integrated, you would still need to perform firmware and driver updates separately following specific instructions.",Core RAG,NA,NA,NA,NA,NA,NA,NA,NA,0,False,False,0.0,0.0,True,0.0,False,Success
EXP20260723041039,2026-07-23 04:10:39,Private Agentic RAG,Phase2,mistral,all-MiniLM-L6-v2,500,50,2,1,2,0.0321,0.0001,0.0,67.9315,67.9638,50.77,88.0,13.81,1.88,HPE GreenLake for Microsoft Azure Stack HCI 22H2 to 23H2 Version Upgrade Guide.pdf,2,"96, 128",1156,166,1156,Explain why the guide recommends a phased deployment of Network ATC.," The guide recommends a phased deployment of Network Automation and Configuration (ATC) due to the intricacies involved in setting up each component of the network across multiple nodes in a cluster. By following a step-by-step process on each node individually, it ensures that any potential issues during configuration can be addressed and rectified before moving on to the next node. This phased approach minimizes disruption and facilitates a more stable deployment overall.

The guide also highlights specific modifications to tools like Validate-DCB and storage adapter overrides. These changes may require careful consideration and individual application, which further supports the need for a phased deployment process. For instance, the modification of the QosFlowControl setting is only mentioned in step 6, suggesting it's an optional, post-initial configuration step to be done on each node separately.

In summary, the phased deployment approach is recommended due to the complexity of networking configurations, the need for individual application of modifications, and the importance of ensuring a stable cluster environment during upgrades.",Core RAG,NA,NA,NA,NA,NA,NA,NA,NA,0,False,False,0.0,0.0,True,0.0,False,Success
EXP20260723041151,2026-07-23 04:11:51,Private Agentic RAG,Phase2,mistral,all-MiniLM-L6-v2,500,50,2,1,2,0.0266,0.0002,0.0,68.55,68.5768,50.0,89.2,13.99,1.7,HPE GreenLake for Microsoft Azure Stack HCI 22H2 to 23H2 Version Upgrade Guide.pdf,2,"96, 128",938,137,938,What are the key networking changes introduced by Network ATC?," The key networking changes introduced by Network Adaptor Teaming (ATC) include:

1. Enabling the 'QosFlowControl' setting for cluster traffic, which helps manage network congestion during heavy data transfers. However, as stated in the guide, this step is not required during the version upgrade from 22H2 to 23H2 because it has already been done on all nodes.

2. Modifications have been made to the Validate-DCB tool for updating the Network Interface Controller (NIC) capability from 10 Gbps to 25 Gbps and setting a bandwidth limit for Live Migration, which ensures smooth network operations during data transfer intensive tasks like Live Migrations.

3. An override has been added to the storage adapter to prevent the default IP address from being set by the Network ATC. This is done using the following PowerShell command: `$StorageOverride = New-NetIntentStorageOverrides; $StorageOverride.EnableAutomaticIPGeneration = $false`.",Core RAG,NA,NA,NA,NA,NA,NA,NA,NA,0,False,False,0.0,0.0,True,0.0,False,Success
EXP20260723041308,2026-07-23 04:13:08,Private Agentic RAG,Phase2,mistral,all-MiniLM-L6-v2,500,50,2,1,2,0.0186,0.0001,0.0,74.6723,74.691,51.17,89.4,14.02,1.66,HPE GreenLake for Microsoft Azure Stack HCI 22H2 to 23H2 Version Upgrade Guide.pdf,2,"106, 119",1022,162,1022,Explain the relationship between OS upgrade and solution upgrade.," The Operating System (OS) upgrade and Solution upgrade are related as the OS upgrade forms part of the Solution upgrade process. In the case of HPE GreenLake for Microsoft Azure Stack HCI 22H2 to 23H2 Version Upgrade, the OS being upgraded is Windows from version 23H2.

Before starting the solution upgrade, you first need to check that your environment meets the requirements and that it's ready for the solution upgrade. This is done by running an Environment Checker which checks external connectivity and storage requirements.

If there are any Critical blocking validation tests (like the OS being 23H2 in this case), these must be addressed before you can proceed with the solution upgrade. After addressing these critical issues, you can begin the solution upgrade operation.

Following this, a validation process takes place where the system is checked to ensure it meets all necessary requirements for the solution upgrade. If the validation is successful, you can then review and initiate the solution upgrade.",Core RAG,NA,NA,NA,NA,NA,NA,NA,NA,0,False,False,0.0,0.0,True,0.0,False,Success
EXP20260723041350,2026-07-23 04:13:50,Private Agentic RAG,Phase2,mistral,all-MiniLM-L6-v2,500,50,2,1,2,0.0481,0.0001,0.0,39.6038,39.652,51.17,91.5,14.35,1.33,HPE GreenLake for Microsoft Azure Stack HCI 22H2 to 23H2 Version Upgrade Guide.pdf,2,"112, 105",468,66,468,What validations ensure a successful deployment?," A successful deployment is ensured through several validations. Firstly, you need to check your environment's readiness using the Environment Checker tool. This validation process provides a report with potential findings that may require corrective actions before the solution update. Some of these actions might necessitate server reboots. By reviewing the validation report, you can plan maintenance windows ahead of time to facilitate a smooth deployment process.",Core RAG,NA,NA,NA,NA,NA,NA,NA,NA,0,False,False,0.0,0.0,True,0.0,False,Success
EXP20260723041446,2026-07-23 04:14:46,Private Agentic RAG,Phase2,mistral,all-MiniLM-L6-v2,500,50,2,1,2,0.022,0.0001,0.0,53.8046,53.8268,51.17,87.6,13.74,1.95,HPE GreenLake for Microsoft Azure Stack HCI 22H2 to 23H2 Version Upgrade Guide.pdf,2,"119, 106",771,120,771,What are the key takeaways from this upgrade guide?," The key takeaways from the HPE GreenLake for Microsoft Azure Stack HCI 22H2 to 23H2 Version Upgrade Guide are:

1. Before starting the upgrade operation, it's necessary to run an Environment Checker to ensure external connectivity, storage requirements, and readiness of the environment for solution upgrade.

2. The upgrade process involves validation checks to ensure your system meets the required specifications.

3. If any critical issues are found during the validation process (like Windows OS not being 23H2 or AKS HCI installation state), they will block the upgrade and must be addressed before proceeding with the solution upgrade.

4. After the validation is complete, review the summary for the solution upgrade and apply it if no critical issues are found.",Core RAG,NA,NA,NA,NA,NA,NA,NA,NA,0,False,False,0.0,0.0,True,0.0,False,Success
EXP20260723041521,2026-07-23 04:15:21,Private Agentic RAG,Phase2,mistral,all-MiniLM-L6-v2,500,50,2,1,2,0.0334,0.0001,0.0,32.3818,32.4154,51.56,88.1,13.82,1.87,HPE GreenLake for Microsoft Azure Stack HCI 22H2 to 23H2 Version Upgrade Guide.pdf,2,"5, 32",356,63,356,Who won the FIFA World Cup in 2022?," I'm sorry for any confusion, but the provided context does not contain information about the FIFA World Cup in 2022. The sources document is a guide for upgrading HPE GreenLake for Microsoft Azure Stack HCI from version 22H2 to 23H2 and it contains details related to that process. There is no mention of the FIFA World Cup winner in 2022 in this context.",Core RAG,NA,NA,NA,NA,NA,NA,NA,NA,0,False,False,0.0,0.0,True,0.0,False,Success
EXP20260723041554,2026-07-23 04:15:54,Private Agentic RAG,Phase2,mistral,all-MiniLM-L6-v2,500,50,2,1,2,0.0165,0.0001,0.0,30.288,30.3046,50.0,88.5,13.88,1.81,HPE GreenLake for Microsoft Azure Stack HCI 22H2 to 23H2 Version Upgrade Guide.pdf,2,"5, 28",309,51,309,Who has scored the most runs in ODI cricket?," The question is about ODI (One-Day International) cricket scores, not related to the given context. The question cannot be answered with the provided sources. However, for reference, as of November 2022, the player with the most runs in ODI cricket is Sachin Tendulkar from India with a total of 18,426 runs.",Core RAG,NA,NA,NA,NA,NA,NA,NA,NA,0,False,False,0.0,0.0,True,0.0,False,Success
EXP20260723041631,2026-07-23 04:16:31,Private Agentic RAG,Phase2,mistral,all-MiniLM-L6-v2,500,50,2,1,2,0.0342,0.0001,0.0,34.7359,34.7702,51.56,87.3,13.69,2.0,HPE GreenLake for Microsoft Azure Stack HCI 22H2 to 23H2 Version Upgrade Guide.pdf,2,"2, 134",306,49,306,Which country hosted the 2024 Olympic Games?," The provided context does not contain any information regarding the 2024 Olympic Games location. I would recommend checking the official website of the International Olympic Committee (IOC) or a reliable news source for the correct answer. As of now, Paris, France is set to host the 2024 Summer Olympics.",Core RAG,NA,NA,NA,NA,NA,NA,NA,NA,0,False,False,0.0,0.0,True,0.0,False,Success
EXP20260723041754,2026-07-23 04:17:54,Private Agentic RAG,Phase2,mistral,all-MiniLM-L6-v2,500,50,2,1,2,0.0144,0.0001,0.0,80.6262,80.6407,51.56,89.1,13.98,1.71,HPE GreenLake for Microsoft Azure Stack HCI 22H2 to 23H2 Version Upgrade Guide.pdf,2,"36, 28",1087,196,1087,What is the offside rule in football?," The question asks about the offside rule in football, which is not related to the provided context about HPE GreenLake for Microsoft Azure Stack HCI version upgrade guides.

In football (also known as soccer), the offside rule states that a player is in an offside position if they are nearer to their opponent's goal line than the ball and any of the following three conditions hold:

1. When the ball is played, they are level with the last opponent between themselves and the ball.
2. When the ball is played from a throw-in or goal kick, they are level with the second-last opponent between themselves and the ball.
3. They receive the ball directly from an opposition player (not a teammate) who is playing the ball from a throw-in or goal kick.

A player in an offside position is only penalized if, at the moment the ball touches or is played by one of their team, they are closer to their opponent's goal line and not interfering with play or being involved in active play. If a player is in an offside position but is not involved in play, they will not be flagged for offside.",Core RAG,NA,NA,NA,NA,NA,NA,NA,NA,0,False,False,0.0,0.0,True,0.0,False,Success
EXP20260723041836,2026-07-23 04:18:36,Private Agentic RAG,Phase2,mistral,all-MiniLM-L6-v2,500,50,2,1,2,0.0329,0.0001,0.0,39.9463,39.9794,51.17,90.1,14.13,1.56,HPE GreenLake for Microsoft Azure Stack HCI 22H2 to 23H2 Version Upgrade Guide.pdf,2,"2, 87",398,62,398,Who is known as the King of Clay in tennis?," The question asked for information about tennis, but the provided context does not contain any relevant details. Therefore, I cannot provide an answer related to tennis based on the given context. The provided context discusses the upgrade process of HPE GreenLake for Microsoft Azure Stack HCI from version 22H2 to 23H2, specifically focusing on LAN ID's, IP addressing, and storage intent setup.",Core RAG,NA,NA,NA,NA,NA,NA,NA,NA,0,False,False,0.0,0.0,True,0.0,False,Success
EXP20260723042021,2026-07-23 04:20:21,Private Agentic RAG,Phase2,mistral,all-MiniLM-L6-v2,500,50,2,1,2,0.0292,0.0001,0.0,101.6612,101.6906,50.77,91.3,14.32,1.36,HPE GreenLake for Microsoft Azure Stack HCI 22H2 to 23H2 Version Upgrade Guide.pdf,2,"33, 12",1257,209,1257,What is the plot of The Shawshank Redemption?," The plot of ""The Shawshank Redemption"" is a drama set primarily in Shawshank State Penitentiary, telling the story of Andy Dufresne, a banker sentenced to life in prison for the murder of his wife and her lover despite his claims of innocence.

Andy befriends fellow prisoner Ellis ""Red"" Redding, who teaches him how to survive in prison. Over the years, Andy uses his intelligence and resourcefulness to help better the lives of other inmates and subtly work towards his own eventual freedom.

He becomes friends with various prisoners, including Tommy Shawshank (who gets murdered), and the prison's corrupt warden Samuel Norton, who embezzles money from the inmates. Andy manages to help some inmates, like the prison librarian, gain parole.

As Andy continues his underground activities, he learns that Norton was responsible for framing him, and begins a quest to find evidence of this. In doing so, he uncovers a secret tunnel he'd been digging under the prison walls for years, which leads outside.

In the final scene, after more than two decades in prison, Andy escapes through his tunnel and makes his way to Maine, where he is reunited with Red, who had been released earlier. The story ends on a hopeful note as they plan their future together.",Core RAG,NA,NA,NA,NA,NA,NA,NA,NA,0,False,False,0.0,0.0,True,0.0,False,Success
EXP20260723042044,2026-07-23 04:20:44,Private Agentic RAG,Phase2,mistral,all-MiniLM-L6-v2,500,50,2,1,2,0.0194,0.0001,0.0,20.7288,20.7483,50.39,92.1,14.45,1.24,HPE GreenLake for Microsoft Azure Stack HCI 22H2 to 23H2 Version Upgrade Guide.pdf,2,"33, 71",149,22,149,Who directed the movie Inception?, The document provided does not contain information about who directed the movie Inception. Christopher Nolan is the director of the movie Inception.,Core RAG,NA,NA,NA,NA,NA,NA,NA,NA,0,False,False,0.0,0.0,True,0.0,False,Success
EXP20260723042129,2026-07-23 04:21:29,Private Agentic RAG,Phase2,mistral,all-MiniLM-L6-v2,500,50,2,1,2,0.0281,0.0001,0.0,42.9797,43.0079,51.56,92.5,14.51,1.17,HPE GreenLake for Microsoft Azure Stack HCI 22H2 to 23H2 Version Upgrade Guide.pdf,2,"33, 29",504,83,504,Which movie won the Academy Award for Best Picture in 2023?," I'm sorry for any confusion, but the provided context doesn't contain information related to the Academy Awards or movies. The context is from HPE GreenLake for Microsoft Azure Stack HCI 22H2 to 23H2 Version Upgrade Guide and it only contains figures and content related to software upgrades. To answer your question about the Best Picture winner at the Academy Awards in 2023, I would need access to different sources that cover award shows and movies. I apologize for any inconvenience this may cause.",Core RAG,NA,NA,NA,NA,NA,NA,NA,NA,0,False,False,0.0,0.0,True,0.0,False,Success
EXP20260723042206,2026-07-23 04:22:06,Private Agentic RAG,Phase2,mistral,all-MiniLM-L6-v2,500,50,2,1,2,0.0186,0.0001,0.0,34.8869,34.9056,50.44,92.6,14.53,1.16,HPE GreenLake for Microsoft Azure Stack HCI 22H2 to 23H2 Version Upgrade Guide.pdf,2,"29, 16",276,45,276,Who played Iron Man in the Marvel Cinematic Universe?," The question asks about the actor who portrayed Iron Man in the Marvel Cinematic Universe, not about any content from the provided documents. However, to provide some context, Robert Downey Jr. played the role of Iron Man (Tony Stark) in the Marvel Cinematic Universe movies.",Core RAG,NA,NA,NA,NA,NA,NA,NA,NA,0,False,False,0.0,0.0,True,0.0,False,Success
EXP20260723042314,2026-07-23 04:23:14,Private Agentic RAG,Phase2,mistral,all-MiniLM-L6-v2,500,50,2,1,2,0.0261,0.0001,0.0,64.7023,64.7286,51.17,92.1,14.45,1.24,HPE GreenLake for Microsoft Azure Stack HCI 22H2 to 23H2 Version Upgrade Guide.pdf,2,"33, 17",857,133,857,What is the storyline of Interstellar?," The question asks about the storyline of the movie ""Interstellar,"" not a document or guide. Here's a brief summary:

""Interstellar"" is a 2014 science fiction film directed by Christopher Nolan. The story revolves around a group of explorers who travel through a wormhole near Saturn in search of a new home for humanity. Earth is experiencing severe dust storms and overpopulation, making it uninhabitable.

The protagonist, Cooper (played by Matthew McConaughey), is a former NASA pilot recruited back to the space program along with a team of scientists and his daughter Murph (Jessica Chastain). They travel aboard the spaceship Endurance to find a new habitable planet through the wormhole. Along the way, they face numerous challenges and encounter different forms of intelligent life. The film explores themes of love, sacrifice, time, and existence.",Core RAG,NA,NA,NA,NA,NA,NA,NA,NA,0,False,False,0.0,0.0,True,0.0,False,Success
EXP20260723042337,2026-07-23 04:23:37,Private Agentic RAG,Phase2,mistral,all-MiniLM-L6-v2,500,50,2,1,2,0.0275,0.0001,0.0,20.5551,20.5828,49.69,96.7,15.18,0.51,HPE GreenLake for Microsoft Azure Stack HCI 22H2 to 23H2 Version Upgrade Guide.pdf,2,"29, 35",198,30,198,Who wrote Hamlet?, William Shakespeare wrote Hamlet. The provided documents do not contain any information related to this question as they are guides for HPE GreenLake and Microsoft Azure Stack HCI version upgrades.,Core RAG,NA,NA,NA,NA,NA,NA,NA,NA,0,False,False,0.0,0.0,True,0.0,False,Success
EXP20260723042427,2026-07-23 04:24:27,Private Agentic RAG,Phase2,mistral,all-MiniLM-L6-v2,500,50,2,1,2,0.046,0.0002,0.0,47.4949,47.5412,50.77,87.3,13.7,1.99,HPE GreenLake for Microsoft Azure Stack HCI 22H2 to 23H2 Version Upgrade Guide.pdf,2,"2, 76",482,78,482,What is the theme of Pride and Prejudice?," The question asked for the theme of ""Pride and Prejudice,"" which is a work of literature, not related to the given context about HPE GreenLake for Microsoft Azure Stack HCI version upgrade guide. The theme of ""Pride and Prejudice"" by Jane Austen revolves around the exploration of themes such as love, marriage, status, and social class in 19th-century English society. The novel critiques the shallowness and vanity of the characters as they learn to understand each other better.",Core RAG,NA,NA,NA,NA,NA,NA,NA,NA,0,False,False,0.0,0.0,True,0.0,False,Success
EXP20260723042508,2026-07-23 04:25:08,Private Agentic RAG,Phase2,mistral,all-MiniLM-L6-v2,500,50,2,1,2,0.0394,0.0001,0.0,37.7814,37.8209,51.17,86.1,13.5,2.19,HPE GreenLake for Microsoft Azure Stack HCI 22H2 to 23H2 Version Upgrade Guide.pdf,2,"133, 0",153,26,153,Who is the author of 1984?," The given context does not provide any information about who wrote the book ""1984"". George Orwell (real name Eric Arthur Blair) is the author of ""1984"".",Core RAG,NA,NA,NA,NA,NA,NA,NA,NA,0,False,False,0.0,0.0,True,0.0,False,Success
EXP20260723042607,2026-07-23 04:26:07,Private Agentic RAG,Phase2,mistral,all-MiniLM-L6-v2,500,50,2,1,2,0.0317,0.0001,0.0,56.9044,56.9361,51.56,86.6,13.59,2.1,HPE GreenLake for Microsoft Azure Stack HCI 22H2 to 23H2 Version Upgrade Guide.pdf,2,"32, 28",630,108,630,What is the significance of the green light in The Great Gatsby?," I'm sorry for any confusion, but it seems there might be a mix-up with the content provided. The context you've given is from HPE GreenLake upgrade guides which have nothing to do with F. Scott Fitzgerald's novel ""The Great Gatsby"".

In The Great Gatsby, the green light does not represent anything literal like a status light such as a green light. Instead, it symbolizes hopes and dreams for Jay Gatsby, representing the woman he loves (Daisy Buchanan) who lives across the bay from his mansion. The green light is a beacon of what Gatsby yearns for but can never quite attain due to various complexities in their relationship.",Core RAG,NA,NA,NA,NA,NA,NA,NA,NA,0,False,False,0.0,0.0,True,0.0,False,Success
EXP20260723042706,2026-07-23 04:27:06,Private Agentic RAG,Phase2,mistral,all-MiniLM-L6-v2,500,50,2,1,2,0.0248,0.0001,0.0,56.299,56.3239,51.2,87.7,13.76,1.93,HPE GreenLake for Microsoft Azure Stack HCI 22H2 to 23H2 Version Upgrade Guide.pdf,2,"117, 2",512,80,512,What is a sonnet in English literature?," A sonnet is a form of poetry originating from Italy, popularized by writers like Dante Alighieri, Petrarch, and Shakespeare. In English literature, it consists of 14 lines and follows a specific rhyme scheme and meter pattern. Typically, English sonnets have iambic pentameter (ten syllables with an unstressed and stressed syllable per foot) and follow one of two rhyme schemes: Shakespearean (ABAB CDCD EFEF GG) or Petrarchan (ABBA ABBA CDE CDE). However, the question does not relate to the provided context.",Core RAG,NA,NA,NA,NA,NA,NA,NA,NA,0,False,False,0.0,0.0,True,0.0,False,Success
EXP20260723042741,2026-07-23 04:27:41,Private Agentic RAG,Phase2,mistral,all-MiniLM-L6-v2,500,50,2,1,2,0.026,0.0001,0.0,30.9919,31.0181,50.39,89.4,14.03,1.66,HPE GreenLake for Microsoft Azure Stack HCI 22H2 to 23H2 Version Upgrade Guide.pdf,2,"31, 29",204,35,204,What is the capital city of Japan?," The question asked for the capital city of Japan, which is not related to the provided context about HPE GreenLake for Microsoft Azure Stack HCI version upgrade guide. The capital city of Japan is Tokyo.",Core RAG,NA,NA,NA,NA,NA,NA,NA,NA,0,False,False,0.0,0.0,True,0.0,False,Success
EXP20260723042949,2026-07-23 04:29:49,Private Agentic RAG,Phase2,mistral,all-MiniLM-L6-v2,500,50,2,1,2,0.0245,0.0001,0.0,125.2078,125.2324,51.17,90.3,14.17,1.52,HPE GreenLake for Microsoft Azure Stack HCI 22H2 to 23H2 Version Upgrade Guide.pdf,2,"22, 54",1724,278,1724,Explain the theory of relativity.," The Theory of Relativity is a scientific theory proposed by Albert Einstein that describes the laws of physics for objects moving at a speed close to the speed of light. It consists of two parts: Special Relativity and General Relativity.

1. Special Relativity (1905): This part deals with objects moving at constant speeds, specifically focusing on inertia, time, and space. It introduces two groundbreaking ideas:
   - The Principle of Relativity: The laws of physics are the same for all observers in uniform motion relative to one another. In other words, what appears as stationary or moving depends on the observer's frame of reference.
   - Time Dilation and Length Contraction: When an object moves at a significant fraction of the speed of light, time will appear to pass slower for that object compared to a stationary observer (Time Dilation). Additionally, objects in motion will appear shorter when measured by a stationary observer (Length Contraction).

2. General Relativity (1915): This part expands on Special Relativity and includes gravity as well. According to General Relativity:
   - Gravity is not a force but the curvature of spacetime caused by mass and energy. The more mass an object has, the greater its effect on the curvature of spacetime around it.
   - A moving object will follow the curved path of spacetime, known as a geodesic, rather than a straight line in empty space. This explains why planets move in elliptical orbits around the sun.

By understanding the principles of relativity, we gain a deeper insight into the behavior of objects at extreme speeds and the nature of gravity. It's one of the most successful theories in physics, having passed numerous tests and predictions.",Core RAG,NA,NA,NA,NA,NA,NA,NA,NA,0,False,False,0.0,0.0,True,0.0,False,Success
EXP20260723043048,2026-07-23 04:30:48,Private Agentic RAG,Phase2,mistral,all-MiniLM-L6-v2,500,50,2,1,2,0.017,0.0001,0.0,56.6552,56.6723,51.56,92.0,14.43,1.25,HPE GreenLake for Microsoft Azure Stack HCI 22H2 to 23H2 Version Upgrade Guide.pdf,2,"107, 54",459,78,459,What causes earthquakes?," Earthquakes are not related to the contents provided in the context. They occur due to the release of energy in the Earth's crust that creates seismic waves. This is typically caused by the movement of tectonic plates, which are large pieces of the Earth's crust that float on top of the semi-fluid layer called the mantle. When these plates collide, slide past each other, or separate, energy is released in the form of seismic waves, causing an earthquake.",Core RAG,NA,NA,NA,NA,NA,NA,NA,NA,0,False,False,0.0,0.0,True,0.0,False,Success
EXP20260723043126,2026-07-23 04:31:26,Private Agentic RAG,Phase2,mistral,all-MiniLM-L6-v2,500,50,2,1,2,0.03,0.0001,0.0,35.3285,35.3586,51.56,92.2,14.46,1.23,HPE GreenLake for Microsoft Azure Stack HCI 22H2 to 23H2 Version Upgrade Guide.pdf,2,"133, 105",469,72,469,What is machine learning?," Machine learning is not directly mentioned in the provided context. However, it's a subfield of artificial intelligence (AI) that allows computers to learn from data without being explicitly programmed. Machines are trained on large datasets, and they use statistical models to predict outcomes based on new input data. The Environment Checker mentioned in the documents could be a tool used for validation or assessment, but it doesn't imply machine learning as such.",Core RAG,NA,NA,NA,NA,NA,NA,NA,NA,0,False,False,0.0,0.0,True,0.0,False,Success
EXP20260723043322,2026-07-23 04:33:22,Private Agentic RAG,Phase2,mistral,all-MiniLM-L6-v2,500,50,2,1,2,0.0276,0.0001,0.0,113.531,113.5587,51.56,93.0,14.6,1.09,HPE GreenLake for Microsoft Azure Stack HCI 22H2 to 23H2 Version Upgrade Guide.pdf,2,"22, 4",1384,214,1384,How does photosynthesis work?," Photosynthesis is a process used by plants and other organisms to convert carbon dioxide, water, and sunlight into glucose (a type of sugar) and oxygen. Here's a simplified explanation:

1. **Absorption of sunlight**: Green leaves contain a green pigment called chlorophyll which absorbs light energy, mainly from the sun. The most effective wavelength for this is around 645 nanometers (red light), but plants can also use light from other parts of the spectrum.

2. **Water splitting**: The absorbed light energy splits water molecules (H2O) into hydrogen (H+) and oxygen (O2). The oxygen is released as a byproduct through tiny pores on the underside of leaves, providing us with fresh air.

3. **Carbon dioxide fixation**: The carbon dioxide (CO2) from the air is absorbed through tiny openings called stomata. Inside the leaf cells, the carbon dioxide combines with the hydrogen and energy from the sunlight to produce glucose and more oxygen.

4. **Glucose synthesis**: The glucose produced fuels the plant's growth and provides energy for various processes. Some of this glucose is converted into other complex carbohydrates like starch or cellulose, which serve as storage materials.

The documents provided do not contain information about photosynthesis; instead, they outline a guide for upgrading the HPE GreenLake for Microsoft Azure Stack HCI from version 22H2 to 23H2.",Core RAG,NA,NA,NA,NA,NA,NA,NA,NA,0,False,False,0.0,0.0,True,0.0,False,Success
EXP20260723043402,2026-07-23 04:34:02,Private Agentic RAG,Phase2,mistral,all-MiniLM-L6-v2,500,50,2,1,2,0.0134,0.0001,0.0,37.9709,37.9843,50.0,91.7,14.38,1.31,HPE GreenLake for Microsoft Azure Stack HCI 22H2 to 23H2 Version Upgrade Guide.pdf,2,"107, 105",351,51,351,What causes Rain?," The provided context does not contain information about rain or weather phenomena. It only discusses various critical factors related to upgrading HPE GreenLake for Microsoft Azure Stack HCI 22H2 to 23H2, such as Windows OS, AKS HCI install state, supported cloud types, BitLocker suspension, cluster existence, network features, and storage volumes.",Core RAG,NA,NA,NA,NA,NA,NA,NA,NA,0,False,False,0.0,0.0,True,0.0,False,Success
EXP20260723043522,2026-07-23 04:35:22,Private Agentic RAG,Phase2,mistral,all-MiniLM-L6-v2,500,50,2,1,4,0.0225,1.3651,0.0,76.1689,77.7526,51.17,88.9,13.95,1.74,HPE GreenLake for Microsoft Azure Stack HCI 22H2 to 23H2 Version Upgrade Guide.pdf,4,"119, 49, 106, 122",507,77,507,What is the purpose of this upgrade guide?," The purpose of the HPE GreenLake for Microsoft Azure Stack HCI 22H2 to 23H2 Version Upgrade Guide is to provide instructions on how to upgrade your system from version 22H2 to 23H2. This includes preparing your environment, running validation checks, and performing the actual upgrade. Additionally, it lists resources you should verify after a successful upgrade. The guide also provides details about enabling Credential Security Service Provider (CredSSP) for using the CAU tool in Windows Admin Center.",Agentic RAG,definition,concept_lookup,4,0.8,0.58,1.0,0.8,1.0,0,False,True,1.3643,1.5338,True,1.5338,False,Success
EXP20260723043526,2026-07-23 04:35:26,Private Agentic RAG,Phase2,mistral,all-MiniLM-L6-v2,500,50,2,1,2,0.0203,0.611,0.0,0.0,0.0,0.0,0.0,0.0,0.0,,0,,0,0,0,Which operating system versions does this guide cover?,The uploaded knowledge base does not contain sufficient information to answer this question.,Agentic RAG,factual,precision,2,0,0,0,0,1,0,False,True,0.6109,-8.3025,False,-8.3025,True,Success
EXP20260723043623,2026-07-23 04:36:23,Private Agentic RAG,Phase2,mistral,all-MiniLM-L6-v2,500,50,2,1,4,0.0185,0.4574,0.0,52.9654,55.0501,51.17,90.2,14.14,1.54,HPE GreenLake for Microsoft Azure Stack HCI 22H2 to 23H2 Version Upgrade Guide.pdf,4,"0, 130, 129, 131",95,13,95,Which HPE GreenLake release version does this document support?, This document supports HPE GreenLake for Microsoft Azure Stack HCI release version 1.1.2025.1.,Agentic RAG,factual,precision,4,0.74,0.84,1.0,0.2,1.0,1,True,True,1.5547,2.9652,True,5.3072,False,Success
EXP20260723043749,2026-07-23 04:37:49,Private Agentic RAG,Phase2,mistral,all-MiniLM-L6-v2,500,50,2,1,4,0.0257,1.2377,0.0001,82.2216,83.6503,51.56,91.8,14.4,1.29,HPE GreenLake for Microsoft Azure Stack HCI 22H2 to 23H2 Version Upgrade Guide.pdf,4,"42, 112, 37, 120",609,91,609,What are the five high-level upgrade steps?," The five high-level upgrade steps, as outlined in the HPE GreenLake for Microsoft Azure Stack HCI 22H2 to 23H2 Version Upgrade Guide, are:

1. Complete prerequisites (Environment Checker, Active Directory Preparation, a block of 6 continuous IP addresses, and all other requirements).
2. Connect to the Microsoft Azure Stack HCI, version 22H2 cluster.
3. Check for available updates using Windows Admin Center.
4. Install the new OS, hardware, and extension updates using Windows Admin Center.
5. Perform post-OS upgrade steps (monitoring and completion of the deployment process via Microsoft Azure portal).",Agentic RAG,definition,concept_lookup,4,0.86,0.74,1.0,0.8,1.0,0,False,True,1.2376,2.3901,True,2.3901,False,Success
EXP20260723043828,2026-07-23 04:38:28,Private Agentic RAG,Phase2,mistral,all-MiniLM-L6-v2,500,50,2,1,3,0.0273,0.9539,0.0,35.7314,36.8573,51.56,92.1,14.45,1.24,HPE GreenLake for Microsoft Azure Stack HCI 22H2 to 23H2 Version Upgrade Guide.pdf,3,"38, 104, 43",152,25,152,Which upgrade method is recommended by Microsoft?, The upgrade method that is recommended by Microsoft for the HPE GreenLake for Microsoft Azure Stack HCI 22H2 to 23H2 Version Upgrade is via PowerShell.,Agentic RAG,procedural,multi_step,3,0.75,0.63,1.0,0.5,1.0,0,False,True,0.9537,3.5803,True,3.5803,False,Success
EXP20260723043911,2026-07-23 04:39:11,Private Agentic RAG,Phase2,mistral,all-MiniLM-L6-v2,500,50,2,1,3,0.0202,0.3209,0.0,39.065,39.6043,51.56,93.3,14.64,1.05,HPE GreenLake for Microsoft Azure Stack HCI 22H2 to 23H2 Version Upgrade Guide.pdf,3,"38, 42, 104",263,42,263,Which tool can be used to perform the OS upgrade?," The recommended tool to perform the Operating System (OS) upgrade for Microsoft Azure Stack HCI is Windows Admin Center. This tool can be used to check for available updates, install the new OS, hardware, and extension updates, and perform post-OS upgrade steps.",Agentic RAG,procedural,multi_step,3,0.81,0.81,1.0,0.5,1.0,0,False,True,0.3208,3.2253,True,3.2253,False,Success
EXP20260723044024,2026-07-23 04:40:24,Private Agentic RAG,Phase2,mistral,all-MiniLM-L6-v2,500,50,2,1,4,0.0185,0.988,0.0,70.1336,71.4602,51.56,95.4,14.97,0.72,HPE GreenLake for Microsoft Azure Stack HCI 22H2 to 23H2 Version Upgrade Guide.pdf,4,"42, 120, 43, 38",386,53,386,What is Step 2 after the operating system upgrade?," After the operating system upgrade, Step 2 involves performing the post-OS upgrade tasks. This could include installing and enabling the Network ATC (Automatic Tuning Controller), validating the solution upgrade readiness, and applying the solution upgrade. These steps help ensure that the upgraded system functions correctly and that all necessary components are properly configured.",Agentic RAG,definition,concept_lookup,4,0.79,0.55,1.0,0.8,1.0,0,False,True,0.9879,2.1602,True,2.1602,False,Success
EXP20260723044209,2026-07-23 04:42:09,Private Agentic RAG,Phase2,mistral,all-MiniLM-L6-v2,500,50,2,1,5,0.0194,0.9005,0.0,98.9404,101.7908,51.56,92.4,14.5,1.19,HPE GreenLake for Microsoft Azure Stack HCI 22H2 to 23H2 Version Upgrade Guide.pdf,5,"106, 40, 123, 105, 115",202,29,202,Which feature must be installed before applying the solution upgrade?," Before applying the solution upgrade, the Windows OS must be updated to version 23H2. Additionally, all settings from Azure Arc-enabled Kubernetes Service (AKS) should be configured before the upgrade.",Agentic RAG,procedural,multi_step,5,0.72,0.56,1.0,0.5,1.0,1,True,True,2.5229,3.7268,True,3.6634,False,Success
EXP20260723044321,2026-07-23 04:43:21,Private Agentic RAG,Phase2,mistral,all-MiniLM-L6-v2,500,50,2,1,4,0.018,0.9095,0.0,68.4427,69.5899,51.56,93.5,14.67,1.02,HPE GreenLake for Microsoft Azure Stack HCI 22H2 to 23H2 Version Upgrade Guide.pdf,4,"84, 128, 83, 18",507,75,507,What is the purpose of Network ATC?," The Network Automation and Control (ATC) is a service used to manage network-related tasks in the HPE GreenLake for Microsoft Azure Stack HCI 22H2 to 23H2 version upgrade. Its purpose is to automate and control various networking functions across cluster nodes, including Fully Disaggregated Host Networking. It's implemented cluster-wide, and it has been used to enable features like Quality of Service (QoS), Live Migration bandwidth limits, and prevent automatic IP address setting for storage adapters.",Agentic RAG,definition,concept_lookup,4,0.81,0.6,1.0,0.8,1.0,0,False,True,0.9094,1.7199,True,1.7199,False,Success
EXP20260723044402,2026-07-23 04:44:02,Private Agentic RAG,Phase2,mistral,all-MiniLM-L6-v2,500,50,2,1,3,0.0176,0.6559,0.0,37.8608,38.8098,50.77,94.4,14.81,0.88,HPE GreenLake for Microsoft Azure Stack HCI 22H2 to 23H2 Version Upgrade Guide.pdf,3,"106, 111, 105",187,22,187,Which validation step is performed before applying the solution upgrade?, The validation step performed before applying the solution upgrade is running the Environment Checker locally on the server using PowerShell command `Invoke-AzStackHciUpgradeValidation`.,Agentic RAG,procedural,multi_step,3,0.79,0.77,1.0,0.5,1.0,0,False,True,0.6558,5.9227,True,5.9227,False,Success
EXP20260723044508,2026-07-23 04:45:08,Private Agentic RAG,Phase2,mistral,all-MiniLM-L6-v2,500,50,2,1,3,0.0345,0.354,0.0,62.4622,62.9731,50.77,86.9,13.64,2.05,HPE GreenLake for Microsoft Azure Stack HCI 22H2 to 23H2 Version Upgrade Guide.pdf,3,"55, 120, 42",369,55,369,What happens after the operating system upgrade completes?," After the operating system upgrade completes, the update status changes to ""Succeeded"". You can then proceed to the hardware updates screen by selecting ""Next: Hardware updates"". Alternatively, if monitoring the upgrade process via the Microsoft Azure portal, you will have to wait for the deployment to complete. Once it's finished, the solution upgrade is completed.",Agentic RAG,procedural,multi_step,3,0.87,0.79,1.0,0.8,1.0,0,False,True,0.3539,2.635,True,2.635,False,Success
EXP20260723044614,2026-07-23 04:46:14,Private Agentic RAG,Phase2,mistral,all-MiniLM-L6-v2,500,50,2,1,3,0.0214,0.2304,0.0,63.5265,63.8879,50.77,86.4,13.55,2.14,HPE GreenLake for Microsoft Azure Stack HCI 22H2 to 23H2 Version Upgrade Guide.pdf,3,"58, 49, 57",389,62,389,Which Windows feature update is installed during the upgrade?," During the upgrade process, Windows Feature Update being installed isn't explicitly mentioned in the provided context. However, it can be inferred that the system is upgraded from 22H2 to 23H2, which indicates a feature update (also known as a servicing stack update or SSU) of the Windows operating system. This update is necessary for the system to access new features and improvements.",Agentic RAG,procedural,multi_step,3,0.76,0.46,1.0,0.8,1.0,0,False,True,0.2303,3.7061,True,3.7061,False,Success
EXP20260723044728,2026-07-23 04:47:28,Private Agentic RAG,Phase2,mistral,all-MiniLM-L6-v2,500,50,2,1,5,0.0184,0.7735,0.0,67.8267,70.9498,50.77,87.8,13.78,1.91,HPE GreenLake for Microsoft Azure Stack HCI 22H2 to 23H2 Version Upgrade Guide.pdf,5,"58, 59, 42, 6, 41",90,10,90,Which cmdlet upgrades the cluster functional level?," The cmdlet that upgrades the cluster functional level is ""Update-ClusterFunctionalLevel"".",Agentic RAG,procedural,multi_step,5,0.66,0.6,1.0,0.2,1.0,1,True,True,2.5772,2.4961,True,4.4392,False,Success
EXP20260723044808,2026-07-23 04:48:08,Private Agentic RAG,Phase2,mistral,all-MiniLM-L6-v2,500,50,2,1,3,0.0195,0.1953,0.0,37.2682,37.6756,51.17,89.1,13.98,1.7,HPE GreenLake for Microsoft Azure Stack HCI 22H2 to 23H2 Version Upgrade Guide.pdf,3,"59, 58, 108",284,43,284,Which cmdlet upgrades the storage pool?," The cmdlet that upgrades the storage pool is ""Update-StoragePool"". You can run this command after identifying the FriendlyName of your storage pool using the cmdlet ""Get-StoragePool"", as mentioned in the HPE GreenLake for Microsoft Azure Stack HCI 22H2 to 23H2 Version Upgrade Guide.",Agentic RAG,procedural,multi_step,3,0.75,0.66,1.0,0.5,1.0,0,False,True,0.1952,4.8871,True,4.8871,False,Success
EXP20260723044959,2026-07-23 04:49:59,Private Agentic RAG,Phase2,mistral,all-MiniLM-L6-v2,500,50,2,1,4,0.0245,0.2013,0.0,106.7415,108.8589,51.56,88.0,13.81,1.88,HPE GreenLake for Microsoft Azure Stack HCI 22H2 to 23H2 Version Upgrade Guide.pdf,4,"63, 8, 90, 94",196,30,196,What PowerShell command lists existing virtual switches?," The PowerShell command that lists existing virtual switches is ""Get-VMSwitch"". This command can be found in the HPE GreenLake for Microsoft Azure Stack HCI 22H2 to 23H2 Version Upgrade Guide.pdf.",Agentic RAG,factual,precision,4,0.71,0.54,1.0,0.5,1.0,1,True,True,1.6268,3.6655,True,5.1822,False,Success
EXP20260723045117,2026-07-23 04:51:17,Private Agentic RAG,Phase2,mistral,all-MiniLM-L6-v2,500,50,2,1,4,0.0213,0.1715,0.0,74.16,75.4531,51.95,86.6,13.59,2.1,HPE GreenLake for Microsoft Azure Stack HCI 22H2 to 23H2 Version Upgrade Guide.pdf,4,"97, 95, 79, 84",186,30,186,Which PowerShell command pauses a cluster node?," The PowerShell command that pauses a cluster node is ""Suspend-ClusterNode -Drain"". This command should be run on the specific node you want to pause within your Azure Stack HCI cluster.",Agentic RAG,factual,precision,4,0.71,0.54,1.0,0.5,1.0,1,True,True,0.6694,4.0239,True,4.4682,False,Success
EXP20260723045152,2026-07-23 04:51:52,Private Agentic RAG,Phase2,mistral,all-MiniLM-L6-v2,500,50,2,1,2,0.0318,0.2524,0.0,32.1293,32.5952,49.61,87.4,13.71,1.98,HPE GreenLake for Microsoft Azure Stack HCI 22H2 to 23H2 Version Upgrade Guide.pdf,2,"97, 96",327,56,327,Which PowerShell command resumes a cluster node?," The PowerShell command that resumes a paused cluster node is ""Repeat Step 3.11"" as stated in the HPE GreenLake for Microsoft Azure Stack HCI 22H2 to 23H2 Version Upgrade Guide. However, it doesn't explicitly mention the command name. To resume a node, you would need to follow the steps mentioned in section 3.11 of the guide.",Agentic RAG,factual,precision,2,0.75,0.57,0.8,0.8,1.0,0,False,True,0.2523,3.9234,True,3.9234,False,Success
EXP20260723045348,2026-07-23 04:53:48,Private Agentic RAG,Phase2,mistral,all-MiniLM-L6-v2,500,50,2,1,4,0.0286,0.534,0.0,110.4447,112.9561,51.56,89.0,13.97,1.72,HPE GreenLake for Microsoft Azure Stack HCI 22H2 to 23H2 Version Upgrade Guide.pdf,4,"121, 112, 111, 115",295,47,295,Which Azure portal step follows solution validation?," The Azure portal step that follows solution validation is ""Install the solution upgrade via Microsoft Azure portal"". This is step 5.3 in the high level workflow for the solution upgrade process described in the HPE GreenLake for Microsoft Azure Stack HCI 22H2 to 23H2 Version Upgrade Guide.PDF.",Agentic RAG,general,standard,4,0.78,0.73,1.0,0.5,1.0,1,True,True,2.0298,2.5089,True,2.7617,False,Success
EXP20260723045541,2026-07-23 04:55:41,Private Agentic RAG,Phase2,mistral,all-MiniLM-L6-v2,500,50,2,1,5,0.0231,0.3753,0.0,107.8002,110.1543,51.56,87.9,13.79,1.9,HPE GreenLake for Microsoft Azure Stack HCI 22H2 to 23H2 Version Upgrade Guide.pdf,5,"77, 107, 79, 128, 78",157,20,157,Which Windows feature installs Network ATC?," The Windows feature that installs Network ATC is ""NetworkATC"". This can be installed using the PowerShell command `Install-WindowsFeature -Name NetworkATC`.",Agentic RAG,procedural,multi_step,5,0.67,0.41,1.0,0.5,1.0,1,True,True,1.9808,4.7287,True,4.2902,False,Success
EXP20260723045639,2026-07-23 04:56:39,Private Agentic RAG,Phase2,mistral,all-MiniLM-L6-v2,500,50,2,1,2,0.0169,0.1226,0.0,55.7023,56.0059,51.56,86.8,13.62,2.06,HPE GreenLake for Microsoft Azure Stack HCI 22H2 to 23H2 Version Upgrade Guide.pdf,2,"114, 112",424,68,424,Which document section discusses Active Directory preparation?," The Active Directory preparation is discussed in the following sections across both documents:

1. In the HPE GreenLake for Microsoft Azure Stack HCI 22H2 to 23H2 Version Upgrade Guide.pdf, it is mentioned under step 4.5 of the high-level workflow for solution upgrade and also separately as step 5.2.

2. For more detailed requirements about Active Directory, refer to the URL provided under step 5.2 in the same document.",Agentic RAG,general,standard,2,0.79,0.69,0.8,0.8,1.0,0,False,True,0.1225,-0.1347,True,-0.1347,False,Success
EXP20260723045750,2026-07-23 04:57:50,Private Agentic RAG,Phase2,mistral,all-MiniLM-L6-v2,500,50,2,1,3,0.0295,0.194,0.0,68.657,69.0274,51.58,87.7,13.76,1.92,HPE GreenLake for Microsoft Azure Stack HCI 22H2 to 23H2 Version Upgrade Guide.pdf,3,"44, 42, 62",657,116,657,How do you connect to an Azure Stack HCI cluster using Windows Admin Center?," To connect to an Azure Stack HCI cluster using Windows Admin Center, follow these steps:

1. Ensure that you have access to a client that can connect to your Microsoft Azure Stack HCI cluster. This client should have Windows Admin Center installed on it.
2. Select + Add under All Connections in Windows Admin Center.
3. Scroll down to Server and click on it.
4. Enter the IP address or hostname of the Azure Stack HCI cluster node, then click Next.
5. Enter your username and password for the Azure Stack HCI cluster, then click Sign In.

Once you've completed these steps, you should be connected to your Azure Stack HCI cluster via Windows Admin Center.",Agentic RAG,procedural,multi_step,3,0.91,0.75,1.0,1.0,1.0,0,False,True,0.1939,7.376,True,7.376,False,Success
EXP20260723050100,2026-07-23 05:01:00,Private Agentic RAG,Phase2,mistral,all-MiniLM-L6-v2,500,50,2,1,5,0.0193,1.2211,0.0,186.1243,187.5441,51.56,90.1,14.13,1.56,HPE GreenLake for Microsoft Azure Stack HCI 22H2 to 23H2 Version Upgrade Guide.pdf,5,"43, 38, 37, 41, 42",1610,257,1610,Describe the operating system upgrade process from 22H2 to 23H2.," The operating system upgrade process from Microsoft Azure Stack HCI version 22H2 to 23H2 involves the following steps:

1. Ensure you have access to an Azure Stack HCI cluster running version 22H2 and it is registered in Microsoft Azure. All nodes in the cluster should be healthy and online. You also need to have access to the Microsoft Azure Stack HCI, version 23H2 OS software update which can be obtained via Windows Update (CAU - Cluster Aware Update).

2. Upgrade the old operating system (22H2) to the new operating system (23H2) using one of the following methods:
   - Via PowerShell (recommended by Microsoft)
   - Via Windows Admin Center
   - Via other manual methods

3. Perform post-OS upgrade tasks, such as installing and enabling the Network ATC, validating the solution upgrade readiness, and applying the solution upgrade.

4. Refer to the diagram in the guide for a visual representation of the Microsoft Azure Stack HCI upgrade process (Figure 1).

5. Note that if your Azure Stack HCI cluster is managed by SCVMM 2025, the OS upgrade is supported. However, the upgrade process isn't supported for clusters running Microsoft Azure Stack HCI, version 22H2 Supplemental Package.

6. Lastly, the operating system update is available via Windows Update on your cluster. To upgrade the operating system, follow these steps:
   - Complete the prerequisites
   - Connect to the Azure Stack HCI, version 22H2 cluster
   - Check for available updates using Windows Admin Center
   - Install the new OS, hardware, and extension updates using Windows Admin Center
   - Perform post-OS upgrade steps",Agentic RAG,summary,broad_context,5,0.97,0.92,1.0,1.0,1.0,0,False,True,1.221,5.1265,True,5.1265,False,Success
EXP20260723050228,2026-07-23 05:02:28,Private Agentic RAG,Phase2,mistral,all-MiniLM-L6-v2,500,50,2,1,3,0.0133,0.182,0.0,85.1634,85.5042,51.48,91.9,14.42,1.27,HPE GreenLake for Microsoft Azure Stack HCI 22H2 to 23H2 Version Upgrade Guide.pdf,3,"38, 57, 42",1021,158,1021,How do you perform post-OS upgrade tasks?," To perform post-OS upgrade tasks, follow these steps after installing the new operating system (23H2) on your Microsoft Azure Stack HCI cluster:

1. Upgrade the cluster: After installing the new OS, use Windows Admin Center to check for available updates and then install the new OS, hardware, and extension updates.

2. Perform post-OS upgrade steps: These tasks may include upgrading the cluster services that are available via Windows Update, installing and enabling the Network ATC, validating the solution upgrade readiness, and applying the solution upgrade as illustrated in the Microsoft Azure Stack HCI upgrade process diagram (Figure 1).

In case you encounter any issues with hardware updates during this process, remember that there will not be an option to install hardware updates within Windows Admin Center if the server hardware is not supported by installed extensions. If no extensions or updates are found, simply select Exit. You're now ready to proceed with the post-upgrade steps for your cluster.",Agentic RAG,procedural,multi_step,3,0.98,0.93,1.0,1.0,1.0,0,False,True,0.1819,7.5238,True,7.5238,False,Success
EXP20260723050254,2026-07-23 05:02:54,Private Agentic RAG,Phase2,mistral,all-MiniLM-L6-v2,500,50,2,1,3,0.0313,0.6888,0.0,22.0894,22.9416,50.39,92.7,14.54,1.15,HPE GreenLake for Microsoft Azure Stack HCI 22H2 to 23H2 Version Upgrade Guide.pdf,3,"58, 59, 42",246,35,246,How do you update the cluster functional level?," To update the cluster functional level, follow these steps:

1. Open PowerShell on any server within your cluster.
2. Run the cmdlet ""Update-ClusterFunctionalLevel"". This command will upgrade the cluster functional level and enable new features.",Agentic RAG,procedural,multi_step,3,0.77,0.69,1.0,0.5,1.0,0,False,True,0.6887,7.8203,True,7.8203,False,Success
EXP20260723050346,2026-07-23 05:03:46,Private Agentic RAG,Phase2,mistral,all-MiniLM-L6-v2,500,50,2,1,3,0.0171,0.2075,0.0,49.092,49.483,51.17,94.3,14.8,0.89,HPE GreenLake for Microsoft Azure Stack HCI 22H2 to 23H2 Version Upgrade Guide.pdf,3,"59, 58, 108",572,82,572,How do you upgrade the storage pool version?," To upgrade the storage pool version, follow these steps:

1. First, upgrade your storage pool. This is usually done as part of the cluster functional level update process.

2. After upgrading the cluster functional level, use PowerShell to identify the FriendlyName of the storage pool representing your cluster by running the cmdlet `Get-StoragePool`.

3. Next, run the Update-StoragePool cmdlet to upgrade the storage pool version. Replace ""S2D on hci-cluster1"" with the FriendlyName you obtained earlier:

```
Update-StoragePool -FriendlyName ""S2D on hci-cluster1""
```",Agentic RAG,procedural,multi_step,3,0.86,0.75,1.0,0.8,1.0,0,False,True,0.2074,6.9308,True,6.9308,False,Success
EXP20260723050751,2026-07-23 05:07:51,Private Agentic RAG,Phase2,mistral,all-MiniLM-L6-v2,500,50,2,1,4,0.0458,1.7232,0.0,240.3101,242.3429,51.56,92.4,14.49,1.2,HPE GreenLake for Microsoft Azure Stack HCI 22H2 to 23H2 Version Upgrade Guide.pdf,4,"77, 84, 128, 96",2291,287,2291,Explain how to install Network ATC.," To install Network ATC, follow these steps:

1. First, enable required Windows features using PowerShell. These include ServerCoreFonts-NonCritical-Fonts-Support, ServerCore-Drivers-General, ServerCore-Drivers-General-WOW64, and NetworkATC. You can run the following script in PowerShell:

```powershell
Enable-WindowsOptionalFeature -FeatureName ServerCoreFonts-NonCritical-Fonts-Support
Enable-WindowsOptionalFeature -FeatureName ServerCore-Drivers-General
Enable-WindowsOptionalFeature -FeatureName ServerCore-Drivers-General-WOW64
Enable-WindowsOptionalFeature -FeatureName NetworkATC
```

2. Before installing the Network ATC, take a backup of existing QoS and RDMA configuration using PowerShell command.

3. Install the Network ATC service by running the following command on the paused node only:

```powershell
Set-service -Name NetworkATC -StartupType Automatic
Start-Service -Name NetworkATC
```

4. Add the Network ATC intent for Fully disaggregated host networking. Run the following commands one by one:

```powershell
New-NetIntent FabricNetwork -Name ""Fabric Network"" -VmSwitchMinimumVersion 9.0.21H1_Release.191205-1308
New-NetIntent FDHostPortGroup -Name ""FD Host Port Group"" -ParentIntentName ""FabricNetwork""
```

5. After the installation of the Network ATC, the 'QosFlowControl' setting for cluster traffic needs to be enabled. This can be done through PowerShell or UI settings.

6. (Optional) Modifications have been made to the Validate-DCB tool to update the NIC capability from 10 Gbps to 25 Gbps and to set a bandwidth limit for Live Migration. You may want to check the official documentation or contact support for specific instructions on how to do this.

7. (Optional) An override has been added to the storage adapter to prevent the default IP address from being set by the Network ATC. This can be done using PowerShell with the following commands:

```powershell
$StorageOverride = New-NetIntentStorageOverrides
$StorageOverride.EnableAutomaticIPGeneration = $false
```

8. Verify the deployment of Network ATC settings across all cluster nodes by repeating steps 1 through 7 on each node. Make sure to follow the verification instructions provided in the guide.

9. Finally, resume the paused node after completing the installation and deployment process.",Agentic RAG,definition,concept_lookup,4,0.93,0.79,1.0,1.0,1.0,0,False,True,1.723,5.9111,True,5.9111,False,Success
EXP20260723051050,2026-07-23 05:10:50,Private Agentic RAG,Phase2,mistral,all-MiniLM-L6-v2,500,50,2,1,5,0.0239,1.2845,0.0,175.4911,176.9158,51.56,89.1,13.98,1.71,HPE GreenLake for Microsoft Azure Stack HCI 22H2 to 23H2 Version Upgrade Guide.pdf,5,"96, 97, 79, 83, 84",1471,208,1471,Describe the process for pausing a cluster node before Network ATC deployment.," To pause a cluster node before deploying Network ATC, follow these steps:

1. First, make sure you have paused one node in the cluster using this command on the Node 1: `Suspend-ClusterNode -Drain`. Ensure that the node you are pausing doesn't have Cluster IP active on it.

2. Next, stop and disable the Network ATC service on all nodes by running these commands sequentially:
   ```
   Install-WindowsFeature -Name NetworkATC
   Set-Service -Name NetworkATC -StartupType Disabled
   Stop-Service -Name NetworkATC
   ```

3. Although not mentioned in the provided context, it's essential to remove the existing VMSwitch configuration before proceeding:
   ```
   Get-NetQosTrafficClass | Remove-NetQosTrafficClass
   Get-NetQosPolicy | Remove-NetQosPolicy -Confirm:$false
   Get-NetQosFlowControl | Disable-NetQosFlowControl
   ```

4. As a precaution, to control the speed of the rollout, start by pausing the node and then stopping and disabling the Network ATC service on that specific paused node:
   ```
   Set-service -Name NetworkATC -StartupType Automatic
   Start-Service -Name NetworkATC
   ```

5. Finally, once the Network ATC service is started on the paused node, you can add the Network ATC intent by running these commands one by one:
   ```
   # Run these commands to add the Intent for Fully disaggregated host networking.
   # There are three intents that are managed across cluster nodes in this intent type (Management, Compute and Storage).
   ```",Agentic RAG,summary,broad_context,5,0.9,0.72,1.0,1.0,1.0,0,False,True,1.2844,6.1862,True,6.1862,False,Success
EXP20260723051215,2026-07-23 05:12:15,Private Agentic RAG,Phase2,mistral,all-MiniLM-L6-v2,500,50,2,1,5,0.0224,0.7426,0.0,79.5544,82.4938,51.17,93.2,14.62,1.06,HPE GreenLake for Microsoft Azure Stack HCI 22H2 to 23H2 Version Upgrade Guide.pdf,5,"81, 63, 82, 79, 67",142,19,142,How do you remove the existing Compute VMSwitch?," To remove the existing Compute VMSwitch, you need to run the following command:

Get-VMSwitch -Name “computevswitch” | Remove-VMSwitch -force",Agentic RAG,procedural,multi_step,5,0.72,0.78,1.0,0.2,1.0,1,True,True,2.3884,6.6598,True,8.1323,False,Success
EXP20260723051417,2026-07-23 05:14:17,Private Agentic RAG,Phase2,mistral,all-MiniLM-L6-v2,500,50,2,1,5,0.0242,0.9561,0.0,116.2534,119.5752,51.56,86.7,13.6,2.08,HPE GreenLake for Microsoft Azure Stack HCI 22H2 to 23H2 Version Upgrade Guide.pdf,5,"82, 81, 80, 64, 63",130,16,130,How do you remove the existing Management VMSwitch?," To remove the existing Management VMSwitch, run the following command:

Get-VMSwitch -Name “mgmtvswitch” | Remove-VMSwitch -force",Agentic RAG,procedural,multi_step,5,0.7,0.71,1.0,0.2,1.0,1,True,True,2.768,7.4624,True,8.0661,False,Success
EXP20260723051748,2026-07-23 05:17:48,Private Agentic RAG,Phase2,mistral,all-MiniLM-L6-v2,500,50,2,1,6,0.0393,1.2885,0.0,205.1036,208.5057,51.56,87.1,13.67,2.02,HPE GreenLake for Microsoft Azure Stack HCI 22H2 to 23H2 Version Upgrade Guide.pdf,6,"80, 81, 82, 14, 83, 63",721,95,721,Explain how to remove existing NetQoS policies.," To remove existing NetQoS policies, follow these steps as outlined in the HPE GreenLake for Microsoft Azure Stack HCI 22H2 to 23H2 Version Upgrade Guide:

1. Open PowerShell as an administrator on your paused node.

2. Execute the following commands one by one:
   - `Get-NetQosTrafficClass | Remove-NetQoSTrafficClass`
   - `Get-NetQosPolicy | Remove-NetQosPolicy -Confirm:$false`
   - `Get-NetQosFlowControl | Disable-NetQosFlowControl`

These commands will remove all existing NetQoS traffic classes, policies, and flow controls.

Note that removing NetQoS configuration may affect your system's network traffic settings. Make sure to carefully follow the upgrade guide for any additional instructions or precautions.",Agentic RAG,definition,concept_lookup,6,0.78,0.52,1.0,0.8,1.0,1,True,True,3.1212,3.0131,True,4.0044,False,Success
EXP20260723051912,2026-07-23 05:19:12,Private Agentic RAG,Phase2,mistral,all-MiniLM-L6-v2,500,50,2,1,3,0.0117,0.7701,0.0001,79.9084,80.8751,51.56,90.4,14.18,1.51,HPE GreenLake for Microsoft Azure Stack HCI 22H2 to 23H2 Version Upgrade Guide.pdf,3,"84, 83, 79",680,98,680,How do you start the Network ATC service?," To start the Network ATC service, you should first install it on all nodes using the command `Install-WindowsFeature -Name NetworkATC`. After installation, set the startup type to 'Disabled' using the command `Set-Service -Name NetworkATC -StartupType Disabled`. Then stop the service with `Stop-Service -Name NetworkATC`. However, during a version upgrade from 22H2 to 23H2, you should only start this service on the paused node. To do this, run the command `Set-service -Name NetworkATC -StartupType Automatic`, followed by `Start-Service -Name NetworkATC` on the paused node only. This step should be performed only once since Network ATC intents are implemented cluster-wide.",Agentic RAG,procedural,multi_step,3,0.87,0.78,1.0,0.8,1.0,0,False,True,0.77,8.793,True,8.793,False,Success
EXP20260723052107,2026-07-23 05:21:07,Private Agentic RAG,Phase2,mistral,all-MiniLM-L6-v2,500,50,2,1,5,0.0131,1.3378,0.0,111.0738,112.7016,51.56,91.2,14.31,1.38,HPE GreenLake for Microsoft Azure Stack HCI 22H2 to 23H2 Version Upgrade Guide.pdf,5,"88, 85, 15, 22, 86",718,93,718,Describe the steps to create Management Intent.," To create a Management Intent, follow these steps:

1. First, you need to disable RDMA and QOS on management and compute intents by running an override command. Here's how to do it:
   - Create the overrides for Management Adapter Properties: `$MgmtAdapterPropertyOverrides = New-NetIntentAdapterPropertyOverrides; $MgmtAdapterPropertyOverrides.NetworkDirect = 0; $MgmtAdapterPropertyOverrides.QOS = 0`

2. Now, add the Management Intent by running this command: `Add-NetIntent -Name Mgmt -Management -AdapterName ""PCIe Slot 10 Port 1"", ""PCIe Slot 10 Port 2"" -AdapterPropertyOverrides $MgmtAdapterPropertyOverrides`

This will create a Management Intent on the specified adapters and disable RDMA and QOS as required.",Agentic RAG,summary,broad_context,5,0.85,0.72,1.0,0.8,1.0,0,False,True,1.3377,-2.9432,True,-2.9432,False,Success
EXP20260723052252,2026-07-23 05:22:52,Private Agentic RAG,Phase2,mistral,all-MiniLM-L6-v2,500,50,2,1,5,0.0165,1.601,0.0,100.0522,103.0,51.95,95.6,15.0,0.69,HPE GreenLake for Microsoft Azure Stack HCI 22H2 to 23H2 Version Upgrade Guide.pdf,5,"86, 85, 15, 10, 97",591,69,591,Describe the steps to create Compute Intent.," To create Compute Intent, follow these steps:

1. First, you need to override some properties for the management adapter. Run the following command:
   ```
   $MgmtAdapterPropertyOverrides = New-NetIntentAdapterPropertyOverrides
   $MgmtAdapterPropertyOverrides.NetworkDirect = 0
   $MgmtAdapterPropertyOverrides.QOS = 0
   ```

2. Next, run the command to add the Compute Intent, specifying the adapter names and overrides:
   ```
   Add-NetIntent -Name Compute -Compute -AdapterName ""PCIe Slot 2 Port 1"", ""PCIe Slot 5 Port 1"" -AdapterPropertyOverrides $MgmtAdapterPropertyOverrides
   ```",Agentic RAG,summary,broad_context,5,0.89,0.84,1.0,0.8,1.0,0,False,True,1.6008,-1.1127,True,-1.1127,False,Success
EXP20260723052527,2026-07-23 05:25:27,Private Agentic RAG,Phase2,mistral,all-MiniLM-L6-v2,500,50,2,1,5,0.1474,3.7286,0.0,129.8969,134.2266,51.17,90.9,14.26,1.43,HPE GreenLake for Microsoft Azure Stack HCI 22H2 to 23H2 Version Upgrade Guide.pdf,5,"88, 86, 97, 85, 15",674,90,674,Describe the steps to create Storage Intent.," To create a Storage Intent, follow these steps as described in the HPE GreenLake for Microsoft Azure Stack HCI 22H2 to 23H2 Version Upgrade Guide:

1. First, set the necessary properties for your storage override and adapter property overrides. Here's an example:

   ```
   $StorageOverride = New-NetIntentStorageOverride
   $StorAdapterPropertyOverrides = @{
       'Automatic Storage IP Addressing' = 0
   }
   ```

2. Next, add the Storage Intent with the required adapter names and property overrides:

   ```
   Add-NetIntent -Name Compute -Storage -AdapterName ""PCIe Slot 2 Port 1"", ""PCIe Slot 5 Port 1"" -AdapterPropertyOverrides $StorAdapterPropertyOverrides
   ```",Agentic RAG,summary,broad_context,5,0.83,0.66,1.0,0.8,1.0,0,False,True,3.7233,1.1357,True,1.1357,False,Success
EXP20260723052633,2026-07-23 05:26:33,Private Agentic RAG,Phase2,mistral,all-MiniLM-L6-v2,500,50,2,1,3,0.1352,1.3715,0.0,61.3935,63.3697,49.3,87.1,13.66,2.02,HPE GreenLake for Microsoft Azure Stack HCI 22H2 to 23H2 Version Upgrade Guide.pdf,3,"96, 103, 15",438,68,438,How do you verify Network ATC deployment?," To verify the Network ATC deployment, follow these steps from the HPE GreenLake for Microsoft Azure Stack HCI 22H2 to 23H2 Version Upgrade Guide:

1. Perform Step 3.6 - Add the Network ATC intent.
2. Carry out Step 3.7 on one node to verify the deployment. To confirm, run the command `Get-NetIntentStatus` and ensure that for all deployed Intents, both ConfigurationStatus and ProvisioningStatus show Success and Completed respectively.",Agentic RAG,procedural,multi_step,3,0.86,0.73,1.0,0.8,1.0,0,False,True,1.3713,5.221,True,5.221,False,Success
EXP20260723052908,2026-07-23 05:29:08,Private Agentic RAG,Phase2,mistral,all-MiniLM-L6-v2,500,50,2,1,4,0.0615,1.5744,0.0,150.2509,152.0785,51.56,89.8,14.09,1.6,HPE GreenLake for Microsoft Azure Stack HCI 22H2 to 23H2 Version Upgrade Guide.pdf,4,"91, 90, 89, 16",967,161,967,Explain how to rename VMSwitches.," To rename VMSwitches, follow these steps:

1. Identify the current name of the VMSwitch on the node where Network ATC is configured (usually Node 1). You can do this by running the command `Get-VMSwitch | ft Name`. This will return the name of the VMSwitch. Let's call this 'ExistingName'.

2. Decide on a new name for the VMSwitch, let's call it 'NewATCName'.

3. On the same node (Node 1), use PowerShell command to rename the VMSwitch: `Rename-VMSwitch -Name 'ExistingName' -NewName 'NewATCName'`.

4. After renaming the VMSwitch on Node 1, repeat the process for all other nodes (Node 2, Node 3, ... Node N) to rename their corresponding VMSwitches with the same new name 'NewATCName'.

5. Make sure to perform these steps simultaneously on all nodes as renaming the virtual switch is a non-disruptive change.

6. Please note that this guide is for HPE GreenLake for Microsoft Azure Stack HCI 22H2 to 23H2 Version Upgrade and it's intended for internal use only.",Agentic RAG,definition,concept_lookup,4,0.95,0.85,1.0,1.0,1.0,0,False,True,1.574,5.0385,True,5.0385,False,Success
EXP20260723053139,2026-07-23 05:31:39,Private Agentic RAG,Phase2,mistral,all-MiniLM-L6-v2,500,50,2,1,5,0.0364,1.787,0.0,145.8028,147.8038,51.56,92.7,14.54,1.15,HPE GreenLake for Microsoft Azure Stack HCI 22H2 to 23H2 Version Upgrade Guide.pdf,5,"93, 94, 90, 8, 89",992,141,992,Describe the process of reconnecting virtual machines after switch renaming.," After renaming the virtual switch, each connected virtual machine needs to be disconnected and then reconnected for the change to take effect. This process involves a brief downtime. Here's how you can do it:

1. First, obtain the current name of the `ComputeSwitch`. You can use PowerShell commands like this:

```powershell
$VMSW = Get-VMSwitch -Name ""ComputeSwitch(compute)""
```

2. Next, get a list of all VMs:

```powershell
$VMs = Get-VM
```

3. Then, for each VM, disconnect and reconnect the vNICs (Virtual Network Interface Cards) to the new virtual switch using these commands:

```powershell
$VMs | %{Get-VMNetworkAdapter -VMName $_.name | Disconnect-VMNetworkAdapter ; Get-VMNetworkAdapter -VMName $_.name | Connect-VMNetworkAdapter -SwitchName $VMSW.name}
```

By following these steps, you'll ensure that your virtual machines are reconnected to the newly renamed virtual switch. This process requires a brief downtime and should be planned accordingly to minimize disruptions.",Agentic RAG,summary,broad_context,5,0.95,0.85,1.0,1.0,1.0,0,False,True,1.7869,1.3057,True,1.3057,False,Success
EXP20260723053434,2026-07-23 05:34:34,Private Agentic RAG,Phase2,mistral,all-MiniLM-L6-v2,500,50,2,1,3,0.022,0.9406,0.0,171.9233,173.1075,49.71,91.1,14.3,1.39,HPE GreenLake for Microsoft Azure Stack HCI 22H2 to 23H2 Version Upgrade Guide.pdf,3,"96, 84, 79",1627,256,1627,How do you apply Network ATC across all cluster nodes?," To apply Network ATC across all cluster nodes during the HPE GreenLake for Microsoft Azure Stack HCI 22H2 to 23H2 version upgrade, follow these steps:

1. Install Network ATC on all nodes: Run `Install-WindowsFeature -Name NetworkATC` on each node.

2. Disable the Network ATC service on all nodes: Run `Set-Service -Name NetworkATC -StartupType Disabled` and `Stop-Service -Name NetworkATC` on each node.

3. Pause one node at a time: On each node, run `Suspend-ClusterNode -Drain`. Make sure the paused node doesn't have Cluster IP active before pausing it.

4. Apply Network ATC settings on the paused node only: On the paused node, start the Network ATC service by running `Set-service -Name NetworkATC -StartupType Automatic` and `Start-Service -Name NetworkATC`.

5. Add the Network ATC intent for Fully disaggregated host networking on each node: Run the commands to add the Intent one by one, as outlined in the guide, starting with the paused node last.

6. Verify deployment: On each node, run `Get-NetIntentStatus` to ensure that ConfigurationStatus shows Success and ProvisioningStatus shows Completed for all deployed Intents.

7. Resume the paused node: Run `Step 3.11` from the guide on the first paused node to add it back to the cluster. Repeat this step for each paused node in order.

8. Verify deployment again: On the resumed node, run `Get-NetIntentStatus` to ensure that the network ATC is working correctly.

By following these steps, you should successfully apply Network ATC across all nodes in your cluster during the HPE GreenLake for Microsoft Azure Stack HCI 22H2 to 23H2 version upgrade process.",Agentic RAG,procedural,multi_step,3,0.91,0.74,1.0,1.0,1.0,0,False,True,0.9405,6.1658,True,6.1658,False,Success
EXP20260723053600,2026-07-23 05:36:00,Private Agentic RAG,Phase2,mistral,all-MiniLM-L6-v2,500,50,2,1,3,0.0267,0.4002,0.0,81.3802,82.3813,51.41,87.4,13.7,1.98,HPE GreenLake for Microsoft Azure Stack HCI 22H2 to 23H2 Version Upgrade Guide.pdf,3,"110, 111, 119",536,73,536,How do you run the Environment Checker?," To run the Environment Checker, follow these steps:

1. Select one server that's part of your Microsoft Azure Stack HCI cluster.
2. Sign in to the server using local administrative credentials.
3. Install the Environment Checker on the server by running this PowerShell command from the PSGallery: `Install-Module -Name AzStackHci.EnvironmentChecker -AllowClobber`
4. After installation, sign in to the same server again and run the validation locally by executing the following PowerShell command: `Invoke-AzStackHciUpgradeValidation`",Agentic RAG,procedural,multi_step,3,0.91,0.9,1.0,0.8,1.0,0,False,True,0.4,8.0211,True,8.0211,False,Success
EXP20260723053726,2026-07-23 05:37:26,Private Agentic RAG,Phase2,mistral,all-MiniLM-L6-v2,500,50,2,1,3,0.1103,1.3233,0.0,81.5592,83.2096,51.17,88.8,13.93,1.76,HPE GreenLake for Microsoft Azure Stack HCI 22H2 to 23H2 Version Upgrade Guide.pdf,3,"115, 121, 120",742,121,742,How do you apply the solution upgrade through Azure Portal?," To apply the solution upgrade through Azure Portal, follow these steps:

1. Ensure that the ""Deployment User"" added as part of Active Directory prerequisites is added to Local administrator on all nodes in the Cluster.
2. Go to your Azure Local resource in Microsoft Azure portal.
3. In the Overview page, click the banner indicating that a solution upgrade is available. Select the Upgrade link in the banner.
4. On the Basics tab, review the details and select Review + Create to start the upgrade process. A notification is displayed that the deployment is in progress.
5. After the upgrade starts, you are automatically taken to Settings > Deployments. Refresh the screen periodically and monitor the upgrade progress until it completes.",Agentic RAG,procedural,multi_step,3,0.94,0.83,1.0,1.0,1.0,0,False,True,1.3232,7.5355,True,7.5355,False,Success
EXP20260723053947,2026-07-23 05:39:47,Private Agentic RAG,Phase2,mistral,all-MiniLM-L6-v2,500,50,2,1,4,0.1176,2.0861,0.0,135.7251,138.3321,51.56,88.9,13.94,1.74,HPE GreenLake for Microsoft Azure Stack HCI 22H2 to 23H2 Version Upgrade Guide.pdf,4,"121, 112, 123, 119",1448,221,1448,Explain the complete workflow from OS upgrade to solution upgrade.," The workflow for upgrading an operating system (OS) and the solution consists of several steps, as outlined in the HPE GreenLake for Microsoft Azure Stack HCI 22H2 to 23H2 Version Upgrade Guide.

1. Preparation:
   - Ensure that your system meets all prerequisites such as having a block of 6-continuous IP addresses, Active Directory preparation, and passing the Environment Checker.

2. Deployment:
   - Deploy the Azure Stack HCI cluster from the Azure Portal.

3. Start Upgrade Operation:
   - Begin the solution upgrade operation by running the Environment Checker to verify external connectivity, storage requirements, and readiness for solution upgrade.

4. Solution Upgrade Process:
   - The system undergoes the actual upgrade process which can take a few hours depending on the number of machines in the system. If the upgrade fails, restart the operation to try again.

5. Verify Upgrade Success:
   - After the solution upgrade is complete, verify that it was successful by checking the Microsoft Azure portal. You should see the deployed Azure Local instance resources.

6. Post Solution Upgrade Tasks:
   - As additional services are installed during the upgrade, resource consumption increases. Additional tasks are required to secure your system and ensure it's ready for workloads. For post-upgrade tasks, refer to the Post Solution Upgrade Tasks section in Install solution upgrade on Azure Local - Azure Local | Microsoft Learn.",Agentic RAG,definition,concept_lookup,4,0.96,0.87,1.0,1.0,1.0,0,False,True,2.0829,4.6949,True,4.6949,False,Success
EXP20260723054325,2026-07-23 05:43:25,Private Agentic RAG,Phase2,mistral,all-MiniLM-L6-v2,500,50,2,1,5,0.0941,1.9862,0.0,212.9413,215.2106,51.58,91.4,14.33,1.36,HPE GreenLake for Microsoft Azure Stack HCI 22H2 to 23H2 Version Upgrade Guide.pdf,5,"77, 96, 84, 128, 18",1797,274,1797,Describe the sequence required before installing Network ATC.," Before installing Network ATC, follow these steps sequentially:

1. Enable certain Windows optional features as specified in the guide. This includes ServerCoreFonts-NonCritical-Fonts-Support, ServerCore-Drivers-General, ServerCore-Drivers-General-WOW64, and NetworkATC.

2. Take a backup of your existing QoS and RDMA configuration using the provided PowerShell command.

3. Install and enable Network ATC on each node one at a time. This involves repeating Step 3.2 (enabling Network ATC) and Steps 3.4 and 3.5 (configuring Network ATC settings) on each node. However, you should skip Step 3.3 as the switches are already renamed on all nodes.

4. Verify the deployment of Network ATC by checking the status of the deployed Intents using the Get-NetIntentStatus command. Ensure that the ConfigurationStatus shows Success and ProvisioningStatus shows Completed for all the deployed Intents.

5. Resume a paused node if necessary (Step 3.11).

6. Start the Network ATC service on the paused node only, using the provided commands.

7. Add the Network ATC intent for Fully disaggregated host networking by running the specified commands one by one.

8. Keep in mind that during the installation of the Network ATC, the 'QosFlowControl' setting for cluster traffic has not been enabled.

9. Modifications have been made to the Validate-DCB tool to update the NIC capability from 10 Gbps to 25 Gbps and to set a bandwidth limit for Live Migration.

10. An override has been added to the storage adapter to prevent the default IP address from being set by the Network ATC.

11. After installing and configuring Network ATC, apply it across the cluster (Step 3.12).

12. Lastly, make observations and document any changes made during the Network ATC installation and configuration process (Step 3.13).",Agentic RAG,summary,broad_context,5,0.94,0.84,1.0,1.0,1.0,0,False,True,1.9861,2.1965,True,2.1965,False,Success
EXP20260723054419,2026-07-23 05:44:19,Private Agentic RAG,Phase2,mistral,all-MiniLM-L6-v2,500,50,2,1,4,0.0149,1.0253,0.0,51.0649,52.2611,49.3,88.0,13.81,1.88,HPE GreenLake for Microsoft Azure Stack HCI 22H2 to 23H2 Version Upgrade Guide.pdf,4,"58, 59, 42, 43",548,80,548,Explain why cluster functional level should be updated after the OS upgrade.," After an Operating System (OS) upgrade, it is necessary to update the cluster functional level because new features and improvements are often introduced with each OS version. Updating the cluster functional level allows these new features to be enabled, ensuring that the system can take full advantage of the latest enhancements provided by Microsoft Azure Stack HCI. Therefore, updating the cluster functional level following an OS upgrade ensures seamless integration of the latest features and maintains optimal performance and functionality.",Agentic RAG,definition,concept_lookup,4,0.8,0.57,1.0,0.8,1.0,0,False,True,1.0252,4.1337,True,4.1337,False,Success
EXP20260723054711,2026-07-23 05:47:11,Private Agentic RAG,Phase2,mistral,all-MiniLM-L6-v2,500,50,2,1,5,0.0179,1.2751,0.0,167.9832,169.4722,51.95,90.3,14.16,1.53,HPE GreenLake for Microsoft Azure Stack HCI 22H2 to 23H2 Version Upgrade Guide.pdf,5,"96, 15, 84, 18, 79",1520,230,1520,Describe the complete Network ATC deployment process.," The complete Network ATC deployment process during the version upgrade from HPE GreenLake for Microsoft Azure Stack HCI 22H2 to 23H2 involves the following steps:

1. Install Network ATC and stop/disable the service on all nodes using the commands:
   - `Install-WindowsFeature -Name NetworkATC`
   - `Set-Service -Name NetworkATC -StartupType Disabled`
   - `Stop-Service -Name NetworkATC`

2. Pause one node in the cluster by running the command `Suspend-ClusterNode -Drain`. Ensure that the paused node doesn't have Cluster IP active on it.

3. On the paused node, start the Network ATC service again using the commands:
   - `Set-service -Name NetworkATC -StartupType Automatic`
   - `Start-Service -Name NetworkATC`

4. Add the Network ATC intent for Fully disaggregated host networking by running these commands one by one:
   (The details of the intents are not provided in the context)

5. Verify the deployment on one node to check that the ConfigurationStatus shows Success and ProvisioningStatus shows Completed for all the deployed Intents using the command `Get-NetIntentStatus`.

6. After verifying, repeat steps 3.4, 3.5 (do not run step 3.3 as switches are already renamed on all nodes) and 3.7 to verify deployment on each node in the cluster one at a time.

7. Finally, resume the paused Node by running the command `Resume-ClusterNode -Force`.

8. Post Network ATC observations and changes if necessary (Step 3.13 is optional).

9. Apply Network ATC across the entire cluster (Step 3.12 is optional).",Agentic RAG,summary,broad_context,5,0.88,0.66,1.0,1.0,1.0,0,False,True,1.2748,1.7748,True,1.7748,False,Success
EXP20260723054930,2026-07-23 05:49:30,Private Agentic RAG,Phase2,mistral,all-MiniLM-L6-v2,500,50,2,1,4,0.0235,1.1151,0.0,134.8553,136.1739,51.56,94.1,14.76,0.93,HPE GreenLake for Microsoft Azure Stack HCI 22H2 to 23H2 Version Upgrade Guide.pdf,4,"96, 128, 18, 7",1557,239,1557,Explain how Network ATC modifies networking in the cluster.," The Network Adapter Teaming (ATC) is a feature that modifies networking within a cluster by grouping multiple network adapters together to form a team. This teaming improves network performance, provides redundancy, and increases the overall throughput of data transmission.

In this specific scenario, during the upgrade from HPE GreenLake for Microsoft Azure Stack HCI 22H2 to 23H2, certain changes were made to Network ATC settings across the cluster:

1. The 'QosFlowControl' setting for cluster traffic has not been enabled by default but needs to be manually activated (Step 3.2). This helps control the flow of data between nodes and ensures network congestion is minimized during heavy traffic situations.

2. Modifications have been made to the Validate-DCB tool to update the Network Interface Card (NIC) capability from 10 Gbps to 25 Gbps, as well as setting a bandwidth limit for Live Migration (Step 6). This enables better network performance and ensures that live migration does not consume excessive network resources.

3. An override has been added to the storage adapter to prevent the default IP address from being set by Network ATC (Step 7). This gives administrators more control over the IP addresses assigned to the storage devices in the cluster, ensuring compatibility with various networking configurations.

After implementing these modifications, administrators are required to verify the deployment and observe changes made to network intents, as well as apply Network ATC across the entire cluster (Steps 3.4, 3.7, and 3.12).",Agentic RAG,definition,concept_lookup,4,0.9,0.72,1.0,1.0,1.0,0,False,True,1.115,3.8591,True,3.8591,False,Success
EXP20260723055147,2026-07-23 05:51:47,Private Agentic RAG,Phase2,mistral,all-MiniLM-L6-v2,500,50,2,1,5,0.0115,1.2679,0.0,132.9225,134.4011,51.56,94.8,14.88,0.81,HPE GreenLake for Microsoft Azure Stack HCI 22H2 to 23H2 Version Upgrade Guide.pdf,5,"93, 90, 94, 89, 8",1164,186,1164,Describe how virtual switch renaming impacts virtual machines.," Renaming a virtual switch in the HPE GreenLake for Microsoft Azure Stack HCI environment can impact virtual machines (VMs) by requiring them to be disconnected and reconnected from the switch. This action is necessary so that each VM can cache the new name of the virtual switch. This process is disruptive and requires planning and downtime to complete, as live migrations will fail if this step is not performed.

After renaming the virtual switch, you must also disconnect and reconnect your vNICs (virtual network interface controllers) for the VMSwitch name change to take effect on each VM. A command is provided to perform this action for all VMs in the environment.

It's important to note that renaming the virtual switch is a non-disruptive change and can be done on all nodes simultaneously, except for the node where Network ATC is configured, which requires the initial step of listing out the existing virtual switch on the node. After these steps are completed, live migration settings should be checked under Networks to ensure necessary networks (storage network1, storage network2, and management) are enabled to prevent live migration failures.",Agentic RAG,summary,broad_context,5,0.91,0.75,1.0,1.0,1.0,0,False,True,1.2678,1.574,True,1.574,False,Success
EXP20260723055324,2026-07-23 05:53:24,Private Agentic RAG,Phase2,mistral,all-MiniLM-L6-v2,500,50,2,1,4,0.0187,1.0248,0.0,93.2548,94.4429,51.56,89.8,14.09,1.6,HPE GreenLake for Microsoft Azure Stack HCI 22H2 to 23H2 Version Upgrade Guide.pdf,4,"106, 119, 111, 105",980,138,980,Explain the complete validation workflow before applying the solution upgrade.," The validation workflow before applying the solution upgrade involves the following steps:

1. First, check if your system meets the requirements by running the Environment Checker. This tool checks external connectivity, storage requirements, and readiness for the solution upgrade. To run it locally on the server, use the PowerShell command `Invoke-AzStackHciUpgradeValidation`.

2. Once the validation is complete, review the generated report. The report will contain potential findings that require corrective actions to prepare for the solution update. Some of these actions might necessitate server reboots.

3. Plan maintenance windows ahead of time based on the information from the validation report to accommodate any necessary server reboots or system updates.

4. Finally, after addressing any critical issues identified during the validation and planning appropriate maintenance windows, you can apply the solution upgrade to your Microsoft Azure Stack HCI cluster.",Agentic RAG,definition,concept_lookup,4,0.87,0.64,1.0,1.0,1.0,0,False,True,1.0246,4.2437,True,4.2437,False,Success
EXP20260723055615,2026-07-23 05:56:15,Private Agentic RAG,Phase2,mistral,all-MiniLM-L6-v2,500,50,2,1,5,0.0193,0.3866,0.0001,165.8649,168.4454,51.48,95.1,14.92,0.76,HPE GreenLake for Microsoft Azure Stack HCI 22H2 to 23H2 Version Upgrade Guide.pdf,5,"46, 51, 48, 47, 49",1514,228,1514,Describe how Windows Admin Center manages updates.," Windows Admin Center simplifies updating a cluster by providing an easy-to-use interface for quality updates. If you own an integrated system from a Microsoft hardware partner, you can get the latest drivers, firmware, and other updates directly through Windows Admin Center after installing the appropriate partner update extensions. For non-integrated systems, firmware and driver updates need to be done separately.

When connected to a cluster, Windows Admin Center informs you if there are available updates and provides an option to start the update process right away or navigate to the Updates section from the Operations menu on the left. After selecting Install, Windows Admin Center automatically checks for applicable updates to your cluster. If necessary, it also installs the role for updating and performs a series of readings before initiating the update process.

It is important to note that if you begin the update process using Windows Admin Center, you should continue following the update wizard until the process completes. Attempting to use the Cluster-Aware Updating (CAU) tool or PowerShell for updates after partially completing the process in Windows Admin Center could result in unexpected behavior.

For those who wish to use PowerShell instead of Windows Admin Center, there's a separate guide available on how to do so. Additionally, using the CAU tool requires enabling Credential Security Service Provider (CredSSP) and providing explicit credentials within Windows Admin Center.",Agentic RAG,summary,broad_context,5,0.96,0.89,1.0,1.0,1.0,0,False,True,0.3864,4.8399,True,4.8399,False,Success
EXP20260723055800,2026-07-23 05:58:00,Private Agentic RAG,Phase2,mistral,all-MiniLM-L6-v2,500,50,2,1,4,0.0839,1.1746,0.0001,79.1266,80.5781,50.77,85.7,13.44,2.24,HPE GreenLake for Microsoft Azure Stack HCI 22H2 to 23H2 Version Upgrade Guide.pdf,4,"59, 58, 108, 119",767,115,767,Explain how storage pool upgrades fit into the upgrade workflow.," In the upgrade workflow for Microsoft Azure Stack HCI, storage pool upgrades are an essential part of enabling new features. Here's a simplified step-by-step guide:

1. First, you need to update the cluster functional level, which can be done by running the command `Update-ClusterFunctionalLevel` on any server in the cluster.

2. After updating the cluster functional level, find the FriendlyName of your storage pool using the command `Get-StoragePool`. In this example, let's say the output is ""S2D on hci-cluster1"".

3. Run the command `Update-StoragePool -FriendlyName ""S2D on hci-cluster1""` to upgrade the storage pool version. This step upgrades your storage pool to take advantage of new capabilities introduced with the latest version (in this case, 23H2).",Agentic RAG,definition,concept_lookup,4,0.91,0.74,1.0,1.0,1.0,0,False,True,1.1698,1.8046,True,1.8046,False,Success
EXP20260723060032,2026-07-23 06:00:32,Private Agentic RAG,Phase2,mistral,all-MiniLM-L6-v2,500,50,2,1,5,0.0286,1.3109,0.0,148.0843,149.5724,51.56,96.3,15.1,0.59,HPE GreenLake for Microsoft Azure Stack HCI 22H2 to 23H2 Version Upgrade Guide.pdf,5,"85, 86, 66, 119, 26",1236,200,1236,"Describe how Compute, Storage, and Management intents are configured."," In the HPE GreenLake for Microsoft Azure Stack HCI 22H2 to 23H2 Version Upgrade Guide, Compute, Storage, and Management intents are configured as follows:

1. To configure the Management intent, run a command that adds the management network to specific adapter ports, and overrides properties like NetworkDirect and QOS to disable RDMA and QOS on these ports.

2. To add the Compute intent, run another command similar to the one used for the Management intent, but specify different adapter ports where compute traffic will be directed.

3. For Storage, while the exact command is not specified in the guide, it's mentioned that before creating the storage intent, you should run some commands to set up manual IP addressing based on your customer VLAN IDs because automatic IP addressing is not required.

4. Additionally, there are specific commands to be run for setting up a port on a switch for management traffic, which should be executed on all nodes in the Microsoft Azure Stack HCI Cluster.

5. Lastly, it's important to note that before starting the upgrade process, you must run an environment checker to ensure your environment is ready for the solution upgrade by checking external connectivity and storage requirements.",Agentic RAG,summary,broad_context,5,0.84,0.55,1.0,1.0,1.0,0,False,True,1.3108,-3.9531,True,-3.9531,False,Success
EXP20260723060222,2026-07-23 06:02:22,Private Agentic RAG,Phase2,mistral,all-MiniLM-L6-v2,500,50,2,1,4,0.069,1.3828,0.0001,106.0084,107.6634,51.17,93.8,14.71,0.98,HPE GreenLake for Microsoft Azure Stack HCI 22H2 to 23H2 Version Upgrade Guide.pdf,4,"80, 97, 79, 96",629,101,629,Explain why one node is paused during Network ATC deployment.," One node is paused during Network ATC (HPE Network Automation for Containers) deployment to minimize any potential interference with the new network configurations being implemented. By pausing a node, all workloads are moved to other nodes in the cluster, allowing Network ATC to apply its intended network settings on the paused node without affecting the ongoing operations of the other nodes. Once Network ATC has completed its setup on the paused node, it can be resumed and integrated back into the cluster. This process ensures a smoother upgrade from 22H2 to 23H2 version for HPE GreenLake for Microsoft Azure Stack HCI.",Agentic RAG,definition,concept_lookup,4,0.87,0.64,1.0,1.0,1.0,0,False,True,1.3826,4.7895,True,4.7895,False,Success
EXP20260723060539,2026-07-23 06:05:39,Private Agentic RAG,Phase2,mistral,all-MiniLM-L6-v2,500,50,2,1,5,0.0268,2.0886,0.0003,191.2507,193.5676,51.56,88.9,13.95,1.74,HPE GreenLake for Microsoft Azure Stack HCI 22H2 to 23H2 Version Upgrade Guide.pdf,5,"97, 96, 80, 14, 83",1706,234,1706,Describe the steps required after resuming the paused node.," After resuming the paused node, follow these steps to ensure proper functioning of Network ATC:

1. Remove existing VMSwitch configuration on the paused node (Node 1 which is paused). This eliminates any previous configurations that might interfere with Network ATC's ability to implement the new intent.

   a. To remove the VMSwitch configuration, use these commands:
      ```
      Remove-VMSwitch -Name <Your VMSwitch Name>
      ```
   b. If you have Data Center Bridging (NetQos) policy for RDMA traffic or Load Balancing Failover (LBFO), remove them as well:

      a. To remove NetQos policies:
         ```
         Get-NetQosPolicy | Remove-NetQosPolicy -Confirm:$false
         ```
      b. To disable NetQos flow control:
         ```
         Get-NetQosFlowControl | Disable-NetQosFlowControl
         ```
      c. To remove NetQos traffic classes:
         ```
         Get-NetQosTrafficClass | Remove-NetQosTrafficClass
         ```

2. Start the Network ATC service on the paused node only. This step should be performed once since Network ATC intents are implemented cluster-wide.
   ```
   Enable-NetworkATCService
   ```
3. Check the status of the network intents using the command `Get-NetIntentStatus`. Make sure that ConfigurationStatus shows Success and ProvisioningStatus shows Completed for all the deployed Intents.

4. If there are any paused nodes remaining, repeat steps 1 to 3 for those nodes as well.

5. After verifying the status of network intents on all nodes, perform Step 3.13: Post Network ATC observations and changes. Follow the instructions in the guide for this step, which includes repeating specific steps (Steps 3.2, 3.4, 3.5, 3.7) on each node one at a time.",Agentic RAG,summary,broad_context,5,0.89,0.68,1.0,1.0,1.0,0,False,True,2.0884,3.8983,True,3.8983,False,Success
EXP20260723060815,2026-07-23 06:08:15,Private Agentic RAG,Phase2,mistral,all-MiniLM-L6-v2,500,50,2,1,4,0.0234,0.3834,0.0,152.9005,153.5504,51.56,87.9,13.79,1.9,HPE GreenLake for Microsoft Azure Stack HCI 22H2 to 23H2 Version Upgrade Guide.pdf,4,"128, 98, 89, 88",1449,215,1449,Explain how live migration settings are validated.," To validate live migration settings during the upgrade from HPE GreenLake for Microsoft Azure Stack HCI 22H2 to 23H2, follow these steps:

1. First, verify the deployment of the intents submitted in an earlier step by running the command `Get-NetIntentStatus -Name <IntentName>` on one node. Ensure that each intent added has an entry for the host you're working on.

2. Then, check live migration settings under Networks in the failover cluster manager tool. Make sure necessary networks (storage network1, storage network2, and management) are checked. If the networks are not checked, live migration will fail.

3. After checking the settings, run the `Get-NetIntentStatus` command again to ensure that all intents have been successfully deployed. The ConfigurationStatus should show Success and ProvisioningStatus should show Completed for all the deployed Intents.

4. If an error occurs for Live Migration limit during the validation of DCB tool, set a bandwidth limit for Live Migration by performing steps provided in the guide:
   - Run the overrides command `$clusterOverride = New-NetIntentGlobalClus` on any one node
   - Make sure necessary networks are checked under live migration setting. If not checked, live migration will fail.
   - Execute the steps only once and check the status using `Get-NetIntentStatus`. The ConfigurationStatus should show Success and ProvisioningStatus should show Completed for all the deployed Intents.",Agentic RAG,definition,concept_lookup,4,0.83,0.51,1.0,1.0,1.0,0,False,True,0.3832,0.0617,True,0.0617,False,Success
EXP20260723061054,2026-07-23 06:10:54,Private Agentic RAG,Phase2,mistral,all-MiniLM-L6-v2,500,50,2,1,5,0.0224,1.4869,0.0001,154.6135,156.4351,51.56,90.8,14.24,1.45,HPE GreenLake for Microsoft Azure Stack HCI 22H2 to 23H2 Version Upgrade Guide.pdf,5,"8, 10, 17, 96, 9",1383,229,1383,Describe the complete switch reconfiguration process.," The complete switch reconfiguration process during the upgrade from HPE GreenLake for Microsoft Azure Stack HCI 22H2 to 23H2 involves the following steps:

1. List out the existing virtual switches on node 1.
2. Evict OCP3-P2 adapter from the existing Compute switch.
3. (Not necessary since switches are already renamed on all nodes) Skip Step 3.3 from the guide.
4. Repeat Step 3.2 for Network ATC settings across the cluster, one at a time on each node. This involves updating the Virtual Switch Name and Virtual Machine Port Profiles.
5. Repeat only Step 3.4 and 3.5 to configure the updated virtual switches and set up virtual machine port profiles with new switch names.
6. Add Team Member back to Compute Switch and Mgmt Switch, in that order.
7. Disconnect and re-connect VM’s with the new updated switch name.
8. Verify deployment by checking the status of Network Intents on each node. The ConfigurationStatus should show Success and ProvisioningStatus should show Completed for all deployed Intents.
9. Evict PCIe-P1 adapter from the existing mgmt switch (Step 4).
10. Re-Configuration of Ports in HPE Aruba Switch - 2 (Step 5). This step is not specified in detail within the provided guide, but it likely involves configuring ports on an HPE Aruba Switch as needed.
11. Resume the cluster node after all switch reconfiguration steps are complete (Step 3.11 and Step 4).",Agentic RAG,summary,broad_context,5,0.84,0.54,1.0,1.0,1.0,0,False,True,1.4868,-5.8497,True,-5.8497,False,Success
EXP20260723061324,2026-07-23 06:13:24,Private Agentic RAG,Phase2,mistral,all-MiniLM-L6-v2,500,50,2,1,4,0.0192,0.3929,0.0,146.5311,147.2298,51.48,89.9,14.1,1.59,HPE GreenLake for Microsoft Azure Stack HCI 22H2 to 23H2 Version Upgrade Guide.pdf,4,"96, 68, 65, 62",1063,171,1063,Explain how Aruba switch configuration supports Network ATC.," The Aruba switch configuration supports Network ATC (Azure Virtual Wired Networking) by setting up ports in trunk mode to allow compute traffic and defining specific VLANs for different network types like Management and Storage on the switches.

For instance, in a 3NIC/6Port configuration for HPE ProLiant DL380 Gen10 Plus server:
- The Management VLAN (PlatformManagement_vlan) is defined on the switch, and connected to the Aruba 8325 Switch 1 and Aruba 8325 Switch 2.
- Compute traffic uses a VLAN named Compute_vlan, which is also configured as allowed on the same ports that carry compute traffic.
- The native VLAN for dead networks (Dead_Network_VLAN) is also set up on the Aruba 8325 Switch 2.

To reconfigure the ports for this setup, specific commands are run on the HPE Aruba 8325 switch 2 to set up the interfaces in trunk mode, allowing both Management and Compute VLANs while setting the native VLAN for dead networks. After these changes, the configuration should comply with Network ATC requirements before performing a solution upgrade to 23H2.",Agentic RAG,definition,concept_lookup,4,0.88,0.65,1.0,1.0,1.0,0,False,True,0.3927,-0.128,True,-0.128,False,Success
EXP20260723061521,2026-07-23 06:15:21,Private Agentic RAG,Phase2,mistral,all-MiniLM-L6-v2,500,50,2,1,5,0.0212,2.4193,0.0,111.3709,114.0742,51.17,89.6,14.05,1.63,HPE GreenLake for Microsoft Azure Stack HCI 22H2 to 23H2 Version Upgrade Guide.pdf,5,"105, 52, 103, 28, 19",1052,169,1052,Describe how update readiness is verified.," To verify update readiness for Microsoft Azure Stack HCI, follow these steps outlined in the HPE GreenLake upgrade guide:

1. Install and use the Environment Checker to ensure Network ATC is installed and enabled on the node. Also, check that there are no Preview versions of Arc Resource Bridge running on your cluster.

2. The Center automatically performs readiness checks to identify any issues that could prevent the update from completing successfully. If any issues are found, you can select the Details link next to the issue, address the issue, and then run the readiness checks again.

3. A report is generated with potential findings requiring corrective actions for a successful solution update. Some of these actions might require server reboots. Review the report to plan maintenance windows ahead of time.

4. If you're installing updates on a cluster that has Kernel Soft Reboot enabled, disable Kernel Soft Reboot for this run.

These steps help assess the readiness of your Microsoft Azure Stack HCI cluster for the solution upgrade.",Agentic RAG,summary,broad_context,5,0.92,0.78,1.0,1.0,1.0,0,False,True,2.4191,-2.0527,True,-2.0527,False,Success
EXP20260723061651,2026-07-23 06:16:51,Private Agentic RAG,Phase2,mistral,all-MiniLM-L6-v2,500,50,2,1,4,0.041,1.2839,0.0004,86.7142,88.2477,51.56,90.6,14.21,1.47,HPE GreenLake for Microsoft Azure Stack HCI 22H2 to 23H2 Version Upgrade Guide.pdf,4,"97, 96, 15, 84",731,117,731,Explain how the deployment status of Network ATC intents is verified.," To verify the deployment status of Network ATC intents, follow these steps on each node of your cluster:

1. Perform Step 3.7 (Verifying Deployment): After adding the Network ATC intent (Step 3.6), check the status of the deployment on one node by running the `Get-NetIntentStatus` command.
2. Look for objects returned by this command, as each object represents an intent for a specific node in your cluster. If you have a three-node cluster with two intents, you should see six objects.
3. Make sure that the ConfigurationStatus shows ""Success"" and ProvisioningStatus shows ""Completed"" for all the deployed intents. Once this is confirmed on one node, the deployment of Network ATC intents is verified across the entire cluster.",Agentic RAG,definition,concept_lookup,4,0.9,0.71,1.0,1.0,1.0,0,False,True,1.2837,3.2224,True,3.2224,False,Success
EXP20260723061927,2026-07-23 06:19:27,Private Agentic RAG,Phase2,mistral,all-MiniLM-L6-v2,500,50,2,1,5,0.0326,1.5144,0.0,150.9636,153.1541,51.56,93.8,14.72,0.97,HPE GreenLake for Microsoft Azure Stack HCI 22H2 to 23H2 Version Upgrade Guide.pdf,5,"119, 111, 112, 106, 105",1327,192,1327,Describe the complete post-upgrade validation workflow.," The complete post-upgrade validation workflow involves the following steps:

1. Run the Environment Checker to verify that the system meets the requirements for the solution upgrade. This includes checking external connectivity, storage, and ensuring the environment is ready for the update.

2. After running the validation locally on the server using the PowerShell command `Invoke-AzStackHciUpgradeValidation`, review the summary of the solution upgrade in the Review + Create tab.

3. If any critical issues are found that block the upgrade, these must be addressed before applying the solution upgrade. The Environment Checker report will indicate potential findings that require corrective actions. Some of these actions may require server reboots.

4. Plan maintenance windows to address any required corrections and reboots before proceeding with the upgrade.

5. After addressing all critical issues, apply the solution upgrade to your Microsoft Azure Stack HCI cluster. The upgrade follows a high-level workflow of Environment Checker > Active Directory Preparation > Have Block of 6-Continuous IP > Meet All prerequisites > Deploy from Azure Portal > manage the Deployment > Successful Deployment.

After the successful deployment, it's essential to review the system and ensure everything is functioning correctly.",Agentic RAG,summary,broad_context,5,0.95,0.85,1.0,1.0,1.0,0,False,True,1.5143,-0.1735,True,-0.1735,False,Success
EXP20260723062208,2026-07-23 06:22:08,Private Agentic RAG,Phase2,mistral,all-MiniLM-L6-v2,500,50,2,1,4,0.0594,2.2411,0.0,155.8696,158.4788,51.56,95.5,14.97,0.71,HPE GreenLake for Microsoft Azure Stack HCI 22H2 to 23H2 Version Upgrade Guide.pdf,4,"115, 121, 112, 120",1606,263,1606,Explain how the Azure Portal is used throughout the solution upgrade.," During the solution upgrade from Azure Local version 22H2 to 23H2, the Microsoft Azure portal plays an essential role. Here's a breakdown of how it is utilized throughout the process:

1. Before starting the upgrade, you need to ensure that a ""Deployment User"" created as part of Active Directory prerequisites has been added to the Local Administrator on all nodes in the Cluster. This can be done within the Azure portal.

2. In the Azure portal, navigate to your Azure Local resource. Once an upgrade is available, you'll find a banner indicating this on the Overview page. Clicking the Upgrade link initiates the upgrade process.

3. Following the selection of the Upgrade link, you will be directed to fill out the Basics tab where necessary details are provided. After completing the form, select Review + Create to start the upgrade process. A notification is displayed that the deployment is in progress.

4. To monitor the deployment process, go to Settings > Deployments within the Azure portal. Refresh the screen periodically and keep an eye on the upgrade progress. The solution upgrade can take a few hours depending upon the number of machines in the system.

5. After the upgrade completes, you should verify its success by checking the resource group where your Azure Local instance was deployed. On the Overview > Resources page, you should see the updated resources related to the upgraded Azure Stack HCI cluster.

In summary, the Microsoft Azure portal is used for initiating the solution upgrade, monitoring the progress of the upgrade, and verifying its success once it's completed.",Agentic RAG,definition,concept_lookup,4,0.96,0.88,1.0,1.0,1.0,0,False,True,2.2409,4.5411,True,4.5411,False,Success
EXP20260723062531,2026-07-23 06:25:31,Private Agentic RAG,Phase2,mistral,all-MiniLM-L6-v2,500,50,2,1,5,0.0489,2.3793,0.0,196.3716,199.4756,51.56,92.7,14.55,1.14,HPE GreenLake for Microsoft Azure Stack HCI 22H2 to 23H2 Version Upgrade Guide.pdf,5,"21, 19, 37, 123, 119",1426,213,1426,Describe the end-to-end upgrade lifecycle.," The end-to-end upgrade lifecycle for Microsoft Azure Stack HCI from version 22H2 to 23H2 involves the following steps as described in the HPE GreenLake for Microsoft Azure Stack HCI 22H2 to 23H2 Version Upgrade Guide:

1. Preparation: Begin by reviewing the upgrade guide, specifically the high-level workflow of the upgrade process. This will help you understand the steps involved in upgrading from an old version (22H2) to a new one (23H2).

2. Setup: Set up the Environment Checker to check for external connectivity, storage requirements, and ensure your environment is ready for solution upgrade.

3. Validation: Run the Environment Checker to validate solution upgrade readiness. After validation is complete, review the summary of the solution upgrade.

4. Upgrade: Upgrade the old operating system (22H2) to the new one (23H2). The upgrade process involves several steps such as applying the solution upgrade, validating solution upgrade readiness, and installing additional services if necessary.

5. Post-upgrade tasks: After the solution upgrade is complete, there are additional tasks required to secure your system and ensure it's ready for workloads. These post-upgrade tasks include steps such as configuring backups, setting up firewall rules, and updating security settings. For more detailed information on these tasks, refer to the Post Solution Upgrade Tasks section in the Microsoft Learn link provided.",Agentic RAG,summary,broad_context,5,0.76,0.32,1.0,1.0,1.0,0,False,True,2.379,-8.045,True,-8.045,False,Success
EXP20260723062851,2026-07-23 06:28:51,Private Agentic RAG,Phase2,mistral,all-MiniLM-L6-v2,500,50,2,1,6,0.0443,2.2676,0.0,191.7886,197.1393,51.56,94.0,14.74,0.94,HPE GreenLake for Microsoft Azure Stack HCI 22H2 to 23H2 Version Upgrade Guide.pdf,6,"41, 61, 44, 112, 39, 43",435,59,435,What is Azure Stack HCI?," Azure Stack HCI is a hybrid cloud solution that allows businesses to build their own private cloud infrastructure using Microsoft Azure technology. It's designed for on-premises environments and enables organizations to run Azure services along with traditional applications. The 'HCI' stands for Hyper-Converged Infrastructure, which means the storage and compute resources are highly integrated for better efficiency and management.",Agentic RAG,definition,concept_lookup,6,0.76,0.46,1.0,0.8,1.0,1,True,True,4.8088,5.1124,True,5.0639,False,Success
EXP20260723063014,2026-07-23 06:30:14,Private Agentic RAG,Phase2,mistral,all-MiniLM-L6-v2,500,50,2,1,4,0.0367,1.8827,0.0,78.3641,80.6346,51.17,93.5,14.67,1.02,HPE GreenLake for Microsoft Azure Stack HCI 22H2 to 23H2 Version Upgrade Guide.pdf,4,"0, 129, 130, 26",410,59,410,What is HPE GreenLake for Azure Stack HCI?," HPE GreenLake for Microsoft Azure Stack HCI is a software solution provided by Hewlett Packard Enterprise (HPE) that integrates Azure Stack, a hybrid cloud platform developed by Microsoft, with HPE's infrastructure to offer an on-premises private cloud experience. This solution allows businesses to manage their IT resources more efficiently and seamlessly extend their data center capabilities to the cloud.",Agentic RAG,definition,concept_lookup,4,0.85,0.73,1.0,0.8,1.0,0,False,True,1.8825,4.3314,True,4.3314,False,Success
EXP20260723063209,2026-07-23 06:32:09,Private Agentic RAG,Phase2,mistral,all-MiniLM-L6-v2,500,50,2,1,6,0.0367,1.9848,0.0001,105.9975,111.3892,50.39,90.9,14.26,1.43,HPE GreenLake for Microsoft Azure Stack HCI 22H2 to 23H2 Version Upgrade Guide.pdf,6,"58, 59, 6, 7, 13, 45",390,61,390,What is Cluster Functional Level?, The Cluster Functional Level refers to the version or release of the Windows Server Failover Clustering (WSFC) features that are installed on a failover cluster. It defines the set of capabilities enabled on the cluster and determines which new features can be utilized. Upgrading the cluster functional level allows you to take advantage of these new features in your cluster environment.,Agentic RAG,definition,concept_lookup,6,0.75,0.43,1.0,0.8,1.0,1,True,True,4.8646,-1.9492,True,1.1523,False,Success
EXP20260723063325,2026-07-23 06:33:25,Private Agentic RAG,Phase2,mistral,all-MiniLM-L6-v2,500,50,2,1,4,0.0418,0.6769,0.0,71.8164,72.7725,51.48,91.3,14.33,1.36,HPE GreenLake for Microsoft Azure Stack HCI 22H2 to 23H2 Version Upgrade Guide.pdf,4,"59, 108, 58, 107",333,51,333,What is a Storage Pool?," A Storage Pool is a logical grouping of physical storage devices in a computer system, managed by the Windows Server operating system using Storage Spaces Direct (S2D) technology. It is a key component for creating virtual disks and providing high availability and data protection features in Microsoft Azure Stack HCI environments.",Agentic RAG,definition,concept_lookup,4,0.79,0.54,1.0,0.8,1.0,0,False,True,0.6765,-2.5509,True,-2.5509,False,Success
EXP20260723063447,2026-07-23 06:34:47,Private Agentic RAG,Phase2,mistral,all-MiniLM-L6-v2,500,50,2,1,4,0.0357,0.5394,0.0,78.0046,79.0087,51.1,93.8,14.72,0.97,HPE GreenLake for Microsoft Azure Stack HCI 22H2 to 23H2 Version Upgrade Guide.pdf,4,"44, 47, 46, 48",490,75,490,What is Cluster Aware Updating?," Cluster Aware Updating (CAU) is a tool designed to manage updates for Microsoft Azure Stack HCI clusters. It ensures that all servers in the cluster are updated simultaneously and with minimal downtime, making it easier to maintain the system's stability during the update process. However, it's recommended to follow the update process completely using Windows Admin Center or PowerShell without interruption and without using CAU if you start the update process via Windows Admin Center.",Agentic RAG,definition,concept_lookup,4,0.88,0.81,1.0,0.8,1.0,0,False,True,0.5393,3.5529,True,3.5529,False,Success
EXP20260723063614,2026-07-23 06:36:14,Private Agentic RAG,Phase2,mistral,all-MiniLM-L6-v2,500,50,2,1,4,0.0333,1.8034,0.0,82.806,84.9174,51.56,92.5,14.52,1.17,HPE GreenLake for Microsoft Azure Stack HCI 22H2 to 23H2 Version Upgrade Guide.pdf,4,"84, 128, 79, 13",448,66,448,What is Network ATC?," Network ATC (Azure Stack HCI Technology) is a service that manages network configurations on Microsoft Azure Stack HCI systems. It's responsible for features like Fully Disaggregated host networking, Quality of Service (QoS), and Live Migration bandwidth control. During an upgrade from 22H2 to 23H2, the Network ATC service needs to be installed, started, and stopped on all nodes, with some specific configurations applied for certain scenarios.",Agentic RAG,definition,concept_lookup,4,0.79,0.55,1.0,0.8,1.0,0,False,True,1.8032,2.7403,True,2.7403,False,Success
EXP20260723063752,2026-07-23 06:37:52,Private Agentic RAG,Phase2,mistral,all-MiniLM-L6-v2,500,50,2,1,4,0.0518,2.1483,0.0,92.2068,94.6648,51.56,91.2,14.31,1.38,HPE GreenLake for Microsoft Azure Stack HCI 22H2 to 23H2 Version Upgrade Guide.pdf,4,"81, 89, 91, 90",421,68,421,What is a VMSwitch?," A VMSwitch, in the context provided from the HPE GreenLake for Microsoft Azure Stack HCI 22H2 to 23H2 Version Upgrade Guide, refers to a virtual network switch in a hyper-converged infrastructure (HCI) system. It is used to connect virtual machines on the same host and manage their network traffic. The VMSwitch settings can be modified or removed as part of an upgrade process or when deploying certain configurations.",Agentic RAG,definition,concept_lookup,4,0.75,0.43,1.0,0.8,1.0,0,False,True,2.1479,1.7836,True,1.7836,False,Success
EXP20260723063913,2026-07-23 06:39:13,Private Agentic RAG,Phase2,mistral,all-MiniLM-L6-v2,500,50,2,1,4,0.0332,1.8623,0.0,76.1721,78.3989,51.17,93.7,14.7,0.99,HPE GreenLake for Microsoft Azure Stack HCI 22H2 to 23H2 Version Upgrade Guide.pdf,4,"84, 85, 15, 97",483,72,483,What is a Network Intent?," A Network Intent refers to a specific network configuration that is managed across cluster nodes in a system. In the context provided, it appears that there are three types of Network Intents: Management, Compute, and Storage. These intents control various aspects of networking within the system, such as disaggregated host networking, RDMA, QOS, and more. The process involves creating, configuring, and deploying these intents to ensure proper network functionality in a cluster.",Agentic RAG,definition,concept_lookup,4,0.78,0.5,1.0,0.8,1.0,0,False,True,1.8622,0.0951,True,0.0951,False,Success
EXP20260723064050,2026-07-23 06:40:50,Private Agentic RAG,Phase2,mistral,all-MiniLM-L6-v2,500,50,2,1,4,0.9136,12.1098,0.0,69.5785,83.4973,50.39,93.1,14.6,1.08,HPE GreenLake for Microsoft Azure Stack HCI 22H2 to 23H2 Version Upgrade Guide.pdf,4,"49, 28, 25, 4",440,67,440,What is CredSSP?," CredSSP stands for Credential Security Service Provider. It's a security protocol used within Windows to transmit authentication credentials securely over remote procedure calls (RPC). In the context provided, it is mentioned that you need to enable CredSSP and provide explicit credentials when using the CAU tool in Windows Admin Center during the upgrade process from 22H2 to 23H2 version of HPE GreenLake for Microsoft Azure Stack HCI.",Agentic RAG,definition,concept_lookup,4,0.78,0.53,1.0,0.8,1.0,0,False,True,12.1096,-5.8731,True,-5.8731,False,Success
EXP20260723064155,2026-07-23 06:41:55,Private Agentic RAG,Phase2,mistral,all-MiniLM-L6-v2,500,50,2,1,4,0.04,2.337,0.0,59.5464,62.2307,51.56,90.5,14.2,1.48,HPE GreenLake for Microsoft Azure Stack HCI 22H2 to 23H2 Version Upgrade Guide.pdf,4,"46, 51, 49, 48",403,62,403,What is Windows Admin Center?," Windows Admin Center is a user-friendly tool that simplifies the process of updating a cluster and applying quality updates using a single interface. It can be used to manage firmware, drivers, and other updates for some integrated systems directly from the tool by installing partner update extensions. For hardware not purchased as an integrated system, updates would need to be performed separately.",Agentic RAG,definition,concept_lookup,4,0.86,0.75,1.0,0.8,1.0,0,False,True,2.3367,3.8713,True,3.8713,False,Success
EXP20260723064417,2026-07-23 06:44:17,Private Agentic RAG,Phase2,mistral,all-MiniLM-L6-v2,500,50,2,1,6,0.0349,1.7052,0.0,133.1606,138.317,51.56,91.2,14.31,1.38,HPE GreenLake for Microsoft Azure Stack HCI 22H2 to 23H2 Version Upgrade Guide.pdf,6,"117, 122, 114, 40, 124, 103",467,65,467,What is Azure Arc?," Azure Arc is a service provided by Microsoft that allows managing and extending Azure services to any infrastructure, including on-premises, edge locations, or other cloud providers. It enables organizations to manage their resources consistently across different environments using Azure's tools and policies. In the given context, it is used with Microsoft Azure Stack HCI for version upgrades and deploying Azure services directly onto on-premises infrastructure.",Agentic RAG,definition,concept_lookup,6,0.8,0.58,1.0,0.8,1.0,1,True,True,4.6143,0.197,True,1.186,False,Success
EXP20260723064518,2026-07-23 06:45:18,Private Agentic RAG,Phase2,mistral,all-MiniLM-L6-v2,500,50,2,1,4,0.0514,2.3826,0.0,55.9718,58.6957,50.77,94.2,14.77,0.91,HPE GreenLake for Microsoft Azure Stack HCI 22H2 to 23H2 Version Upgrade Guide.pdf,4,"46, 34, 3, 9",398,55,398,What is an integrated hardware partner extension?," An integrated hardware partner extension, as mentioned in the context, refers to additional components installed within Windows Admin Center that enable users to easily access and install the latest drivers, firmware, and other updates provided by Microsoft's hardware partners for their integrated systems. These extensions simplify the process of updating system hardware for seamless operation.",Agentic RAG,definition,concept_lookup,4,0.79,0.55,1.0,0.8,1.0,0,False,True,2.3825,-5.165,True,-5.165,False,Success
EXP20260723064651,2026-07-23 06:46:51,Private Agentic RAG,Phase2,mistral,all-MiniLM-L6-v2,500,50,2,1,4,0.0327,2.5787,0.0,87.4885,90.4288,51.56,91.4,14.35,1.34,HPE GreenLake for Microsoft Azure Stack HCI 22H2 to 23H2 Version Upgrade Guide.pdf,4,"52, 105, 104, 28",535,82,535,What is the purpose of Readiness Checks?," The purpose of Readiness Checks, as described in the HPE GreenLake for Microsoft Azure Stack HCI 22H2 to 23H2 Version Upgrade Guide, is to validate the system's readiness before upgrading the solution. These checks identify potential issues that could prevent the upgrade from being completed successfully. Users are instructed to address any found issues and then re-run the checks. The information from these checks allows users to plan maintenance windows ahead of time for any necessary server reboots or other corrective actions.",Agentic RAG,definition,concept_lookup,4,0.82,0.62,1.0,0.8,1.0,0,False,True,2.5785,1.905,True,1.905,False,Success
EXP20260723064758,2026-07-23 06:47:58,Private Agentic RAG,Phase2,mistral,all-MiniLM-L6-v2,500,50,2,1,3,0.0372,0.5838,0.0,62.9394,63.8041,51.17,92.3,14.47,1.21,HPE GreenLake for Microsoft Azure Stack HCI 22H2 to 23H2 Version Upgrade Guide.pdf,3,"53, 52, 106",429,70,429,Why is Kernel Soft Reboot disabled during upgrade?," During an upgrade from HPE GreenLake for Microsoft Azure Stack HCI 22H2 to 23H2, Kernel Soft Reboot is intentionally disabled because the upgrade process requires a full reboot of each server, and Kernel Soft Reboot conflicts with this by performing its own quick reboots. Disabling it allows for a smoother and successful upgrade by ensuring each update is applied completely before moving on to the next server in the cluster.",Agentic RAG,procedural,multi_step,3,0.8,0.56,1.0,0.8,1.0,0,False,True,0.5836,0.6031,True,0.6031,False,Success
EXP20260723064903,2026-07-23 06:49:03,Private Agentic RAG,Phase2,mistral,all-MiniLM-L6-v2,500,50,2,1,3,0.0334,0.4832,0.0,61.2338,62.1342,51.17,93.7,14.69,1.0,HPE GreenLake for Microsoft Azure Stack HCI 22H2 to 23H2 Version Upgrade Guide.pdf,3,"55, 46, 57",468,76,468,Why are firmware updates important during OS upgrade?," Firmware updates are important during an Operating System (OS) upgrade because they ensure that all hardware components of your system are compatible with the new OS version. They can also fix any issues related to the hardware that might have occurred after the OS upgrade. This results in a more stable and efficient system overall. In the context provided, these updates can be installed using tools like Windows Admin Center for Microsoft Azure Stack HCI systems.",Agentic RAG,procedural,multi_step,3,0.76,0.46,1.0,0.8,1.0,0,False,True,0.483,-0.1181,True,-0.1181,False,Success
EXP20260723065025,2026-07-23 06:50:25,Private Agentic RAG,Phase2,mistral,all-MiniLM-L6-v2,500,50,2,1,3,0.0548,1.1671,0.0,75.755,77.2309,51.48,95.0,14.91,0.78,HPE GreenLake for Microsoft Azure Stack HCI 22H2 to 23H2 Version Upgrade Guide.pdf,3,"60, 103, 84",459,69,459,Why is Network ATC mandatory before solution upgrade?," Network ATC (Azure Stack HCI Network Adapter Teaming) is mandatory before the solution upgrade because it helps manage network traffic more efficiently across multiple network adapters in your Microsoft Azure Stack HCI cluster. This service ensures the stability and performance of your cluster during the upgrade process. It's essential to have it installed and enabled before starting the solution upgrade, as stated in the guide provided by HPE GreenLake.",Agentic RAG,procedural,multi_step,3,0.83,0.66,1.0,0.8,1.0,0,False,True,1.1668,2.0662,True,2.0662,False,Success
EXP20260723065028,2026-07-23 06:50:28,Private Agentic RAG,Phase2,mistral,all-MiniLM-L6-v2,500,50,2,1,2,0.0421,0.9483,0.0,0.0,0.0,0.0,0.0,0.0,0.0,,0,,0,0,0,Why are similar adapters required in a SET team?,The uploaded knowledge base does not contain sufficient information to answer this question.,Agentic RAG,general,standard,2,0,0,0,0,1,0,False,True,0.948,-6.4563,False,-6.4563,True,Success
EXP20260723065031,2026-07-23 06:50:31,Private Agentic RAG,Phase2,mistral,all-MiniLM-L6-v2,500,50,2,1,2,0.0382,0.3318,0.0,0.0,0.0,0.0,0.0,0.0,0.0,,0,,0,0,0,Why is storage synchronization expected after reboot?,The uploaded knowledge base does not contain sufficient information to answer this question.,Agentic RAG,general,standard,2,0,0,0,0,1,0,False,True,0.3316,-5.0166,False,-5.0166,True,Success
EXP20260723065257,2026-07-23 06:52:57,Private Agentic RAG,Phase2,mistral,all-MiniLM-L6-v2,500,50,2,1,6,0.0568,1.717,0.0,137.8804,143.1049,51.17,92.0,14.43,1.26,HPE GreenLake for Microsoft Azure Stack HCI 22H2 to 23H2 Version Upgrade Guide.pdf,6,"97, 18, 15, 13, 14, 7",383,57,383,What are post Network ATC observations?," Post Network ATC observations refer to the evaluation of network changes that occur after applying the Network Automatic Tuning Controller (ATC) service across a cluster in HPE GreenLake for Microsoft Azure Stack HCI. This could include checking the status of various intents, verifying the deployment on one node, and observing any changes in network configurations or performance.",Agentic RAG,definition,concept_lookup,6,0.74,0.4,1.0,0.8,1.0,1,True,True,4.6728,-0.3701,True,0.3918,False,Success
EXP20260723065413,2026-07-23 06:54:13,Private Agentic RAG,Phase2,mistral,all-MiniLM-L6-v2,500,50,2,1,3,0.0468,1.3245,0.0,71.2632,72.9345,50.73,93.1,14.61,1.08,HPE GreenLake for Microsoft Azure Stack HCI 22H2 to 23H2 Version Upgrade Guide.pdf,3,"106, 105, 119",582,90,582,Why are validation tests performed before solution upgrade?," Validation tests are performed before a solution upgrade to ensure that the system meets all necessary requirements for an upgrade from HPE GreenLake for Microsoft Azure Stack HCI 22H2 to 23H2. These tests help identify any critical issues (like Windows OS not being updated to 23H2) that would block the upgrade process. By addressing these issues beforehand, you can ensure a smooth and successful solution update. The Environment Checker tool is used to validate system readiness, generate a report with potential findings, and allow you to plan maintenance windows accordingly.",Agentic RAG,procedural,multi_step,3,0.86,0.76,1.0,0.8,1.0,0,False,True,1.3243,4.7277,True,4.7277,False,Success
EXP20260723065745,2026-07-23 06:57:45,Private Agentic RAG,Phase2,mistral,all-MiniLM-L6-v2,500,50,2,1,5,0.0538,2.4785,0.0,206.2945,209.1146,51.56,94.4,14.81,0.88,HPE GreenLake for Microsoft Azure Stack HCI 22H2 to 23H2 Version Upgrade Guide.pdf,5,"119, 122, 49, 131, 55",1484,228,1484,Summarize the entire upgrade guide.," The HPE GreenLake for Microsoft Azure Stack HCI 22H2 to 23H2 Version Upgrade Guide provides steps to upgrade your system from version 22H2 to 23H2.

1. Begin the operation by running an Environment Checker to ensure external connectivity, storage requirements, and that the environment is ready for solution upgrade.

2. After validation, select Next: Review + Create.

3. On the Review + Create tab, review the summary for the solution upgrade.

4. Post-upgrade, check for resources such as Machine - Azure Arc, Azure Local, Arc Resource Bridge, Custom location, Key Vault (each with a default suffix), etc., in your resource group.

5. To use the CAU tool in Windows Admin Center, enable Credential Security Service Provider (CredSSP) and provide explicit credentials when asked.

6. After role installation, Windows Admin Center checks for updates applicable to your cluster.

7. Get status during the run, wait a few minutes, and refresh your browser or use PowerShell's Get-CauRun to check the update run status.

8. When operating system updates are complete, the update status changes to Succeeded. Proceed to the hardware updates screen.

9. After applying operating system updates, you may see a message regarding incomplete or unmounted storage. Attend to this issue before proceeding with the upgrade.

10. For any errors, suggestions, or comments about the document, use the Feedback button on the Hewlett Packard Enterprise Support Center portal (hpe.com/support/hpesc).",Agentic RAG,summary,broad_context,5,0.92,0.78,1.0,1.0,1.0,0,False,True,2.4783,-0.0795,True,-0.0795,False,Success
EXP20260723070001,2026-07-23 07:00:01,Private Agentic RAG,Phase2,mistral,all-MiniLM-L6-v2,500,50,2,1,5,0.0493,1.0457,0.0,131.7219,133.3485,51.17,89.3,14.01,1.68,HPE GreenLake for Microsoft Azure Stack HCI 22H2 to 23H2 Version Upgrade Guide.pdf,5,"43, 38, 42, 121, 120",933,142,933,Summarize the OS upgrade process.," The Operating System (OS) upgrade process from Microsoft Azure Stack HCI version 22H2 to 23H2 involves several steps:

1. Prerequisites: You need access to an Microsoft Azure Stack HCI, version 22H2 cluster that is registered in Microsoft Azure, with all nodes healthy and online. You also require the Microsoft Azure Stack HCI, version 23H2 OS software update, available via Windows Update (CAU-Cluster Aware Update).

2. Connect to the Microsoft Azure Stack HCI, version 22H2 cluster.

3. Check for updates using Windows Admin Center or PowerShell.

4. Install the new OS, hardware, and extension updates using Windows Admin Center or other manual methods.

5. Perform post-OS upgrade tasks such as installing and enabling the Network ATC, validating solution upgrade readiness, and applying the solution upgrade.

6. Verify a successful upgrade by checking the resources in the Microsoft Azure portal after the upgrade completes.",Agentic RAG,summary,broad_context,5,0.97,0.91,1.0,1.0,1.0,0,False,True,1.0455,2.3911,True,2.3911,False,Success
EXP20260723070248,2026-07-23 07:02:48,Private Agentic RAG,Phase2,mistral,all-MiniLM-L6-v2,500,50,2,1,5,0.2014,2.6782,0.0,161.018,164.1447,51.56,90.1,14.13,1.56,HPE GreenLake for Microsoft Azure Stack HCI 22H2 to 23H2 Version Upgrade Guide.pdf,5,"123, 38, 57, 122, 121",1091,170,1091,Summarize the post-upgrade tasks.," After upgrading to the new operating system (23H2), there are several post-upgrade tasks to be performed:

1. Perform post-OS upgrade tasks: This includes upgrading the cluster after the new operating system is installed.

2. Install and enable the Network ATC: This step ensures network traffic is optimized for performance.

3. Validate the solution upgrade readiness: This step checks if the system is ready for workloads.

4. Apply the solution upgrade: This is the final step to complete the upgrade process.

5. Perform post-solution upgrade tasks: After the solution upgrade is complete, additional tasks are required to secure your system and ensure it's ready for workloads. For Post Solution Upgrade tasks, refer to the Post Solution Upgrade Tasks section in the Install solution upgrade on Azure - Local | Microsoft Learn guide.

6. Verify resources after successful upgrade: Check for specific resources such as Machine - Azure Arc, Azure Local, Arc Resource Bridge, Custom location, Key Vault in the resource group in the Microsoft Azure portal to confirm a successful upgrade.",Agentic RAG,summary,broad_context,5,0.93,0.81,1.0,1.0,1.0,0,False,True,2.6779,2.3762,True,2.3762,False,Success
EXP20260723070541,2026-07-23 07:05:41,Private Agentic RAG,Phase2,mistral,all-MiniLM-L6-v2,500,50,2,1,5,0.0527,2.4224,0.0,167.0805,169.9039,51.56,88.3,13.84,1.84,HPE GreenLake for Microsoft Azure Stack HCI 22H2 to 23H2 Version Upgrade Guide.pdf,5,"96, 84, 15, 128, 18",1352,220,1352,Summarize the Network ATC deployment process.," The Network ATC deployment process during the upgrade from HPE GreenLake for Microsoft Azure Stack HCI 22H2 to 23H2 involves the following steps:

1. On each node, repeat steps 3.2 (for Network ATC settings), 3.4 and 3.5 (excluding step 3.3 as switches are already renamed on all nodes), and 3.7 (to verify deployment). Ensure that the Get-NetIntentStatus command shows success and completion for all deployed intents.

2. Resume a paused node using step 4.

3. On the paused node only, start the Network ATC service using the commands Set-service -Name NetworkATC -StartupType Automatic and Start-Service -Name NetworkATC.

4. Add the Network ATC intent for Fully disaggregated host networking by running several commands one by one as specified in step 3.6.

5. Verify the deployment on one node using step 3.7.

6. After the Network ATC installation, enable the 'QosFlowControl' setting for cluster traffic.

7. Modifications have been made to the Validate-DCB tool to update the NIC capability from 10 Gbps to 25 Gbps and set a bandwidth limit for Live Migration.

8. An override has been added to the storage adapter to prevent the default IP address from being set by the Network ATC.

9. Finally, apply the Network ATC across the entire cluster using step 3.12 and document any observations and changes made during this process using step 3.13.",Agentic RAG,summary,broad_context,5,0.92,0.77,1.0,1.0,1.0,0,False,True,2.4222,2.5773,True,2.5773,False,Success
EXP20260723070755,2026-07-23 07:07:55,Private Agentic RAG,Phase2,mistral,all-MiniLM-L6-v2,500,50,2,1,5,0.0515,2.5446,0.0,128.0477,130.8801,51.56,90.9,14.26,1.43,HPE GreenLake for Microsoft Azure Stack HCI 22H2 to 23H2 Version Upgrade Guide.pdf,5,"119, 20, 36, 105, 118",893,129,893,Summarize the validation process.," The validation process for upgrading HPE GreenLake for Microsoft Azure Stack HCI from version 22H2 to 23H2 involves several steps:

1. Run the Environment Checker to validate system readiness. This tool checks external connectivity, storage requirements, and ensures the environment is prepared for the solution upgrade. The report generated may include potential issues that need corrective actions, some of which might require server reboots. These findings can help you plan maintenance windows in advance.

2. In the validation phase, Microsoft Azure resources are automatically created, permissions are configured, and an audit login is set up. To initiate this process, select ""Next: Validation"" and then ""Start validation"" to begin the operation. This process checks IP addresses within a defined range for availability, outbound connectivity, and communication with host IP addresses.",Agentic RAG,summary,broad_context,5,0.82,0.5,1.0,1.0,1.0,0,False,True,2.5444,-5.1262,True,-5.1262,False,Success
EXP20260723071048,2026-07-23 07:10:48,Private Agentic RAG,Phase2,mistral,all-MiniLM-L6-v2,500,50,2,1,5,0.036,2.4482,0.0014,167.0242,169.9095,51.58,92.0,14.43,1.26,HPE GreenLake for Microsoft Azure Stack HCI 22H2 to 23H2 Version Upgrade Guide.pdf,5,"121, 120, 119, 123, 38",1179,182,1179,Summarize the solution upgrade process.," The solution upgrade process involves updating from version 22H2 to 23H2 of HPE GreenLake for Microsoft Azure Stack HCI.

1. Start by checking your environment's readiness with the Environment Checker. This ensures external connectivity and storage requirements are met.

2. After the validation, review the upgrade summary and start the upgrade process. You can do this via PowerShell (recommended), Windows Admin Center, or other manual methods.

3. During the upgrade process, monitor its progress through the Microsoft Azure portal by going to Settings > Deployments and periodically refreshing the screen. If the upgrade fails, restart the operation.

4. Once the upgrade is complete, you can verify it in the Microsoft Azure portal by checking if the resources associated with your deployed Azure Local instance are present.

5. Post solution upgrade tasks include securing your system and ensuring it's ready for workloads. These tasks can be found in the Post Solution Upgrade Tasks section on Microsoft Learn's Install solution upgrade on Azure Local - Azure Local page.

6. Lastly, install and enable the Network ATC after the new operating system (23H2) is installed.",Agentic RAG,summary,broad_context,5,0.95,0.86,1.0,1.0,1.0,0,False,True,2.4481,4.1377,True,4.1377,False,Success
EXP20260723071320,2026-07-23 07:13:20,Private Agentic RAG,Phase2,mistral,all-MiniLM-L6-v2,500,50,2,1,5,0.058,2.1896,0.0,146.6553,149.2279,51.48,93.0,14.59,1.1,HPE GreenLake for Microsoft Azure Stack HCI 22H2 to 23H2 Version Upgrade Guide.pdf,5,"43, 42, 112, 106, 38",841,136,841,Summarize the prerequisites for upgrading.," To upgrade your Microsoft Azure Stack HCI cluster from version 22H2 to 23H2, you need to fulfill the following prerequisites:

1. You should have access to an Microsoft Azure Stack HCI, version 22H2 cluster.
2. The cluster must be registered in Microsoft Azure.
3. All nodes in your Microsoft Azure Stack HCI, version 22H2 cluster should be healthy and online.
4. Access to the Microsoft Azure Stack HCI, version 23H2 OS software update (available via Windows Update).
5. Validate the system using the Environment Checker as per instructions mentioned in the section for Validate Solution Upgrade Readiness.
6. Address any Critical issues found during the blocking validation tests for upgrade, such as if the current operating system is not 23H2.
7. Ensure you have enough free space on your storage devices to accommodate the new updates.",Agentic RAG,summary,broad_context,5,0.92,0.78,1.0,1.0,1.0,0,False,True,2.1893,1.2248,True,1.2248,False,Success
EXP20260723071514,2026-07-23 07:15:14,Private Agentic RAG,Phase2,mistral,all-MiniLM-L6-v2,500,50,2,1,5,0.0432,2.4058,0.0,108.7563,111.6192,51.58,93.9,14.73,0.96,HPE GreenLake for Microsoft Azure Stack HCI 22H2 to 23H2 Version Upgrade Guide.pdf,5,"39, 3, 13, 131, 6",454,68,454,Summarize supported workloads discussed in the guide.," The provided guide discusses the following supported workloads for Microsoft Azure Stack HCI version upgrade:

1. Standard workloads on Microsoft Azure Stack HCI (no specific mention of additional requirements or restrictions).
2. Azure Kubernetes (AKS) on Microsoft Azure Stack HCI, but with a note that Kubernetes versions are incompatible between version 22H2 and 23H2. It is recommended to remove AKS and all its settings during the upgrade process.",Agentic RAG,summary,broad_context,5,0.86,0.74,1.0,0.8,1.0,0,False,True,2.4056,-6.2112,True,-6.2112,False,Success
EXP20260723071715,2026-07-23 07:17:15,Private Agentic RAG,Phase2,mistral,all-MiniLM-L6-v2,500,50,2,1,5,0.0673,3.5666,0.0,112.8656,116.7861,51.56,92.8,14.56,1.13,HPE GreenLake for Microsoft Azure Stack HCI 22H2 to 23H2 Version Upgrade Guide.pdf,5,"62, 37, 0, 5, 21",678,97,678,Summarize the changes introduced after upgrading to 23H2.," After upgrading to 23H2, the primary changes introduced include an update to the operating system from 22H2 to 23H2. Post-operating system upgrade tasks involve applying the solution upgrade and updating cluster functional levels as necessary. The document also provides a detailed high-level workflow for performing the upgrade process. Additionally, it's mentioned that reconfiguration changes might be required to make the Microsoft Azure Stack HCI Cluster compliant with Network ATC Requirements before the 23H2 solution upgrade. This information is inferred from the given context, but specific details on these changes are not explicitly stated in the provided documents.",Agentic RAG,summary,broad_context,5,0.85,0.71,1.0,0.8,1.0,0,False,True,3.5664,-1.0466,True,-1.0466,False,Success
EXP20260723071955,2026-07-23 07:19:55,Private Agentic RAG,Phase2,mistral,all-MiniLM-L6-v2,500,50,2,1,5,0.0427,2.423,0.0,154.6978,157.4494,51.56,95.6,14.99,0.69,HPE GreenLake for Microsoft Azure Stack HCI 22H2 to 23H2 Version Upgrade Guide.pdf,5,"69, 107, 115, 11, 37",537,78,537,Summarize the Windows roles required for version 23H2.," The Windows roles required for version 23H2 include:

1. AKS HCI install state (Critical)
2. Supported cloud type (Critical)
3. BitLocker suspension (Critical)
4. Cluster exists (Critical)
5. All nodes in the same cluster (Critical)
6. Cluster node is up (Critical)
7. Stretched cluster (Critical)
8. Language set to English (Critical)
9. Microsoft on-premises cloud (MOC) install state (Critical)
10. MOC services running (Critical)
11. Network ATC feature installed (Critical)
12. Storage pool (Critical)
13. Storage volume (Critical)",Agentic RAG,summary,broad_context,5,0.83,0.64,1.0,0.8,1.0,0,False,True,2.4227,0.1629,True,0.1629,False,Success
EXP20260723072000,2026-07-23 07:20:00,Private Agentic RAG,Phase2,mistral,all-MiniLM-L6-v2,500,50,2,1,4,0.0561,1.9976,0.0,0.0,0.0,0.0,0.0,0.0,0.0,,0,,0,0,0,What are the most important considerations before beginning the upgrade?,The uploaded knowledge base does not contain sufficient information to answer this question.,Agentic RAG,definition,concept_lookup,4,0,0,0,0,1,0,False,True,1.997,-5.1512,False,-5.1512,True,Success
EXP20260723072005,2026-07-23 07:20:05,Private Agentic RAG,Phase2,mistral,all-MiniLM-L6-v2,500,50,2,1,3,0.1925,1.6872,0.0,0.0,0.0,0.0,0.0,0.0,0.0,,0,,0,0,0,What risks are highlighted during the upgrade process?,The uploaded knowledge base does not contain sufficient information to answer this question.,Agentic RAG,procedural,multi_step,3,0,0,0,0,1,0,False,True,1.6871,-3.9025,False,-3.9025,True,Success
EXP20260723072008,2026-07-23 07:20:08,Private Agentic RAG,Phase2,mistral,all-MiniLM-L6-v2,500,50,2,1,2,0.0485,1.1626,0.0,0.0,0.0,0.0,0.0,0.0,0.0,,0,,0,0,0,What best practices are recommended throughout the document?,The uploaded knowledge base does not contain sufficient information to answer this question.,Agentic RAG,general,standard,2,0,0,0,0,1,0,False,True,1.1624,-8.7046,False,-8.7046,True,Success
EXP20260723072224,2026-07-23 07:22:24,Private Agentic RAG,Phase2,mistral,all-MiniLM-L6-v2,500,50,2,1,3,0.0335,0.6411,0.0,132.1191,133.0725,51.17,93.0,14.59,1.09,HPE GreenLake for Microsoft Azure Stack HCI 22H2 to 23H2 Version Upgrade Guide.pdf,3,"43, 106, 42",1047,166,1047,Compare the different OS upgrade methods discussed.," In the provided context from the HPE GreenLake for Microsoft Azure Stack HCI 22H2 to 23H2 Version Upgrade Guide, there is only one method discussed for operating system (OS) upgrade, which is as follows:

1. Complete the prerequisites, including having access to an Azure Stack HCI 22H2 cluster registered in Microsoft Azure and ensuring all nodes are healthy.
2. Access the Microsoft Azure Stack HCI 23H2 OS software update, available via Windows Update (CAU-Cluster Aware Update).
3. Connect to the Azure Stack HCI 22H2 cluster.
4. Check for available updates using Windows Admin Center.
5. Install the new OS, hardware, and extension updates using Windows Admin Center.
6. Perform post-OS upgrade steps.

This method involves updating the entire cluster from version 22H2 to 23H2 via Windows Admin Center. It's important to address any critical blocking validation tests before applying the solution upgrade. The guide also mentions that some of these blocks are related to the current OS version being 23H2 and the AKS HCI installation state.",Agentic RAG,procedural,multi_step,3,0.94,0.82,1.0,1.0,1.0,0,False,True,0.6409,-2.4288,True,-2.4288,False,Success
EXP20260723072423,2026-07-23 07:24:23,Private Agentic RAG,Phase2,mistral,all-MiniLM-L6-v2,500,50,2,1,2,0.0312,0.3068,0.0015,114.8133,115.4049,50.0,94.2,14.78,0.91,HPE GreenLake for Microsoft Azure Stack HCI 22H2 to 23H2 Version Upgrade Guide.pdf,2,"38, 48",1413,209,1413,Compare PowerShell and Windows Admin Center for upgrading.," Comparing PowerShell and Windows Admin Center for upgrading Microsoft Azure Stack HCI, both methods can be utilized to upgrade the operating system from 23H2, with PowerShell being the recommended approach by Microsoft. Here's a brief overview of each method:

1. **PowerShell**: This command-line tool is recommended by Microsoft for performing upgrades. The process involves running specific scripts and commands to initiate and manage the upgrade process. The HPE internal document you provided, ""HPE GreenLake for Microsoft Azure Stack HCI 22H2 to 23H2 Version Upgrade Guide.pdf,"" provides detailed instructions on how to perform this upgrade using PowerShell.

2. **Windows Admin Center**: This graphical tool offers a user-friendly interface to manage servers, including upgrades. When connected to a cluster, the Windows Admin Center dashboard alerts you if updates are available and provides an option to install them immediately. Alternatively, you can select Updates from the Operations menu at the left to initiate the upgrade process. The guide also mentions using Windows Admin Center version 2311 for this purpose, but it may vary slightly if a different version is used.

Both methods ultimately lead to the same goal of upgrading your Microsoft Azure Stack HCI system. However, PowerShell offers more control and precision, making it the preferred choice according to Microsoft's recommendations.",Agentic RAG,general,standard,2,0.88,0.79,0.8,1.0,1.0,0,False,True,0.3066,3.02,True,3.02,False,Success
EXP20260723072555,2026-07-23 07:25:55,Private Agentic RAG,Phase2,mistral,all-MiniLM-L6-v2,500,50,2,1,4,0.0445,1.9333,0.0,87.0186,89.435,50.39,87.6,13.75,1.94,HPE GreenLake for Microsoft Azure Stack HCI 22H2 to 23H2 Version Upgrade Guide.pdf,4,"96, 15, 18, 128",735,109,735,Explain why the guide recommends a phased deployment of Network ATC.," The guide recommends a phased deployment of Network Application Traffic Control (ATC) because it involves several steps that need to be performed individually on each node in the cluster. These steps include adding the Network ATC intent, verifying its deployment, applying it across the entire cluster, and making post-deployment observations and changes.

Additionally, the installation of Network ATC requires modifications to tools like 'QosFlowControl' for cluster traffic and the Validate-DCB tool, as well as an override for the storage adapter. Since these changes are applied individually on each node, a phased deployment is necessary to ensure a smooth upgrade process without causing any conflicts or issues in the system.",Agentic RAG,definition,concept_lookup,4,0.86,0.61,1.0,1.0,1.0,0,False,True,1.9331,-1.1888,True,-1.1888,False,Success
EXP20260723072811,2026-07-23 07:28:11,Private Agentic RAG,Phase2,mistral,all-MiniLM-L6-v2,500,50,2,1,4,0.1275,2.0769,0.0,130.7299,133.288,51.56,84.5,13.25,2.44,HPE GreenLake for Microsoft Azure Stack HCI 22H2 to 23H2 Version Upgrade Guide.pdf,4,"128, 7, 84, 80",955,141,955,What are the key networking changes introduced by Network ATC?," The key networking changes introduced by Network ATC include:

1. Enabling Full disaggregated host networking with three managed intents (Management, Compute, Storage). This allows for better network management and flexibility.

2. Modifying the Validate-DCB tool to update the Network Interface Controller (NIC) capability from 10 Gbps to 25 Gbps and setting a bandwidth limit for Live Migration, which improves network performance.

3. Adding an override to the storage adapter to prevent the default IP address from being set by the Network ATC. This allows for manual control over the IP addresses.

4. Re-configuration changes to make Cluster Network ATC compliant. This involves connecting to Microsoft Azure Stack HCI nodes using Remote Desktop Connectivity Protocol, starting the Network ATC service on a paused node, and removing existing VMSwitch configuration on the paused node to ensure compatibility with the new Network ATC implementation.",Agentic RAG,definition,concept_lookup,4,0.85,0.58,1.0,1.0,1.0,0,False,True,2.0765,-0.2178,True,-0.2178,False,Success
EXP20260723073045,2026-07-23 07:30:45,Private Agentic RAG,Phase2,mistral,all-MiniLM-L6-v2,500,50,2,1,4,0.0448,1.9321,0.0,148.5662,151.0518,51.56,87.8,13.78,1.91,HPE GreenLake for Microsoft Azure Stack HCI 22H2 to 23H2 Version Upgrade Guide.pdf,4,"123, 106, 121, 38",1245,199,1245,Explain the relationship between OS upgrade and solution upgrade.," The Operating System (OS) upgrade refers to the process of updating the base software that runs on each machine in your system from version 23H2. This can be done using various methods like PowerShell, Windows Admin Center, or manual methods.

The Solution Upgrade, on the other hand, is a specific update for the HPE GreenLake for Microsoft Azure Stack HCI that includes additional services and updates beyond just the OS. This upgrade ensures your entire system meets the new requirements and is ready to handle more tasks efficiently after it's completed.

In relation to each other, an OS upgrade is typically the first step in preparing for a solution upgrade. After updating the operating system, you must perform post-OS upgrade tasks, install and enable the Network ATC, validate the solution upgrade readiness, and then apply the solution upgrade itself. The solution upgrade process can take several hours depending on the number of machines in your system. If the solution upgrade fails, it can be restarted to try again.

In summary, an OS upgrade prepares individual machines for a more comprehensive Solution Upgrade that includes additional services and updates to ensure the entire system is ready for workloads after upgrading.",Agentic RAG,definition,concept_lookup,4,0.88,0.67,1.0,1.0,1.0,0,False,True,1.932,2.4181,True,2.4181,False,Success
EXP20260723073157,2026-07-23 07:31:57,Private Agentic RAG,Phase2,mistral,all-MiniLM-L6-v2,500,50,2,1,3,0.0316,1.7147,0.0,66.8588,68.8529,51.56,87.8,13.77,1.92,HPE GreenLake for Microsoft Azure Stack HCI 22H2 to 23H2 Version Upgrade Guide.pdf,3,"112, 36, 105",678,99,678,What validations ensure a successful deployment?," A successful deployment is ensured through a series of validations. Firstly, the system readiness is checked using the Environment Checker as described in the document ""Assess environment readiness with Environment Checker"". This tool generates a report with potential findings that may require corrective actions before the solution update. Some actions might necessitate server reboots. Additionally, it's important to verify that you have a block of 6-continuous IP addresses and meet all other prerequisites. After deployment from the Azure Portal, resources are then verified as per the list provided in the document ""List of resources to verify after successful upgrade"".",Agentic RAG,procedural,multi_step,3,0.84,0.69,1.0,0.8,1.0,0,False,True,1.7145,-1.6782,True,-1.6782,False,Success
EXP20260723073424,2026-07-23 07:34:24,Private Agentic RAG,Phase2,mistral,all-MiniLM-L6-v2,500,50,2,1,4,0.041,1.6589,0.0,142.7013,144.6401,51.17,86.3,13.54,2.14,HPE GreenLake for Microsoft Azure Stack HCI 22H2 to 23H2 Version Upgrade Guide.pdf,4,"122, 106, 119, 49",932,139,932,What are the key takeaways from this upgrade guide?," The key takeaways from the HPE GreenLake for Microsoft Azure Stack HCI 22H2 to 23H2 Version Upgrade Guide are as follows:

1. Before initiating the upgrade, ensure that your environment meets the requirements by running an Environment Checker. This process checks external connectivity, storage requirements, and readiness for solution upgrade.

2. Address any critical blocking validation tests before applying the solution upgrade. The guide provides a list of such tests.

3. After successful upgrade, verify certain resources including Machine - Azure Arc, Azure Local, Arc Resource Bridge, Custom location, Key Vault, etc. (Refer to Table 3 for details)

4. To use the CAU tool in Windows Admin Center, you must enable Credential Security Service Provider (CredSSP) and provide explicit credentials if prompted.

5. After the role is installed, Windows Admin Center automatically checks for updates applicable to your cluster.",Agentic RAG,definition,concept_lookup,4,0.89,0.69,1.0,1.0,1.0,0,False,True,1.6586,-2.9501,True,-2.9501,False,Success
EXP20260723073428,2026-07-23 07:34:28,Private Agentic RAG,Phase2,mistral,all-MiniLM-L6-v2,500,50,2,1,2,0.0302,1.1022,0.0,0.0,0.0,0.0,0.0,0.0,0.0,,0,,0,0,0,Who won the FIFA World Cup in 2022?,The uploaded knowledge base does not contain sufficient information to answer this question.,Agentic RAG,general,standard,2,0,0,0,0,1,0,False,True,1.1015,-8.0871,False,-8.0871,True,Success
EXP20260723073434,2026-07-23 07:34:34,Private Agentic RAG,Phase2,mistral,all-MiniLM-L6-v2,500,50,2,1,2,0.1546,2.3213,0.0,0.0,0.0,0.0,0.0,0.0,0.0,,0,,0,0,0,Who has scored the most runs in ODI cricket?,The uploaded knowledge base does not contain sufficient information to answer this question.,Agentic RAG,general,standard,2,0,0,0,0,1,0,False,True,2.3211,-8.7375,False,-8.7375,True,Success
EXP20260723073444,2026-07-23 07:34:44,Private Agentic RAG,Phase2,mistral,all-MiniLM-L6-v2,500,50,2,1,2,0.0449,1.2595,0.0,0.0,0.0,0.0,0.0,0.0,0.0,,0,,0,0,0,Which country hosted the 2024 Olympic Games?,The uploaded knowledge base does not contain sufficient information to answer this question.,Agentic RAG,general,standard,2,0,0,0,0,1,0,False,True,1.2593,-7.9316,False,-7.9316,True,Success
EXP20260723073449,2026-07-23 07:34:49,Private Agentic RAG,Phase2,mistral,all-MiniLM-L6-v2,500,50,2,1,4,0.0445,2.0294,0.0,0.0,0.0,0.0,0.0,0.0,0.0,,0,,0,0,0,What is the offside rule in football?,The uploaded knowledge base does not contain sufficient information to answer this question.,Agentic RAG,definition,concept_lookup,4,0,0,0,0,1,0,False,True,2.0292,-8.2776,False,-8.2776,True,Success
EXP20260723073452,2026-07-23 07:34:52,Private Agentic RAG,Phase2,mistral,all-MiniLM-L6-v2,500,50,2,1,2,0.0367,1.0421,0.0,0.0,0.0,0.0,0.0,0.0,0.0,,0,,0,0,0,Who is known as the King of Clay in tennis?,The uploaded knowledge base does not contain sufficient information to answer this question.,Agentic RAG,general,standard,2,0,0,0,0,1,0,False,True,1.0419,-9.2239,False,-9.2239,True,Success
EXP20260723073457,2026-07-23 07:34:57,Private Agentic RAG,Phase2,mistral,all-MiniLM-L6-v2,500,50,2,1,4,0.0324,2.26,0.0,0.0,0.0,0.0,0.0,0.0,0.0,,0,,0,0,0,What is the plot of The Shawshank Redemption?,The uploaded knowledge base does not contain sufficient information to answer this question.,Agentic RAG,definition,concept_lookup,4,0,0,0,0,1,0,False,True,2.2598,-8.7507,False,-8.7507,True,Success
EXP20260723073501,2026-07-23 07:35:01,Private Agentic RAG,Phase2,mistral,all-MiniLM-L6-v2,500,50,2,1,2,0.0415,1.0655,0.0,0.0,0.0,0.0,0.0,0.0,0.0,,0,,0,0,0,Who directed the movie Inception?,The uploaded knowledge base does not contain sufficient information to answer this question.,Agentic RAG,general,standard,2,0,0,0,0,1,0,False,True,1.0653,-8.8921,False,-8.8921,True,Success
EXP20260723073506,2026-07-23 07:35:06,Private Agentic RAG,Phase2,mistral,all-MiniLM-L6-v2,500,50,2,1,2,0.2265,1.8039,0.0,0.0,0.0,0.0,0.0,0.0,0.0,,0,,0,0,0,Which movie won the Academy Award for Best Picture in 2023?,The uploaded knowledge base does not contain sufficient information to answer this question.,Agentic RAG,general,standard,2,0,0,0,0,1,0,False,True,1.8037,-8.4358,False,-8.4358,True,Success
EXP20260723073510,2026-07-23 07:35:10,Private Agentic RAG,Phase2,mistral,all-MiniLM-L6-v2,500,50,2,1,2,0.0497,1.4517,0.0,0.0,0.0,0.0,0.0,0.0,0.0,,0,,0,0,0,Who played Iron Man in the Marvel Cinematic Universe?,The uploaded knowledge base does not contain sufficient information to answer this question.,Agentic RAG,general,standard,2,0,0,0,0,1,0,False,True,1.4515,-9.0829,False,-9.0829,True,Success
EXP20260723073515,2026-07-23 07:35:15,Private Agentic RAG,Phase2,mistral,all-MiniLM-L6-v2,500,50,2,1,4,0.0381,2.1249,0.0,0.0,0.0,0.0,0.0,0.0,0.0,,0,,0,0,0,What is the storyline of Interstellar?,The uploaded knowledge base does not contain sufficient information to answer this question.,Agentic RAG,definition,concept_lookup,4,0,0,0,0,1,0,False,True,2.1248,-8.3458,False,-8.3458,True,Success
EXP20260723073519,2026-07-23 07:35:19,Private Agentic RAG,Phase2,mistral,all-MiniLM-L6-v2,500,50,2,1,2,0.0383,1.1581,0.0,0.0,0.0,0.0,0.0,0.0,0.0,,0,,0,0,0,Who wrote Hamlet?,The uploaded knowledge base does not contain sufficient information to answer this question.,Agentic RAG,general,standard,2,0,0,0,0,1,0,False,True,1.158,-7.5807,False,-7.5807,True,Success
EXP20260723073524,2026-07-23 07:35:24,Private Agentic RAG,Phase2,mistral,all-MiniLM-L6-v2,500,50,2,1,4,0.0352,1.9474,0.0,0.0,0.0,0.0,0.0,0.0,0.0,,0,,0,0,0,What is the theme of Pride and Prejudice?,The uploaded knowledge base does not contain sufficient information to answer this question.,Agentic RAG,definition,concept_lookup,4,0,0,0,0,1,0,False,True,1.9472,-9.0332,False,-9.0332,True,Success
EXP20260723073528,2026-07-23 07:35:28,Private Agentic RAG,Phase2,mistral,all-MiniLM-L6-v2,500,50,2,1,2,0.0435,1.1107,0.0,0.0,0.0,0.0,0.0,0.0,0.0,,0,,0,0,0,Who is the author of 1984?,The uploaded knowledge base does not contain sufficient information to answer this question.,Agentic RAG,general,standard,2,0,0,0,0,1,0,False,True,1.1105,-10.0781,False,-10.0781,True,Success
EXP20260723073532,2026-07-23 07:35:32,Private Agentic RAG,Phase2,mistral,all-MiniLM-L6-v2,500,50,2,1,4,0.0492,1.8857,0.0,0.0,0.0,0.0,0.0,0.0,0.0,,0,,0,0,0,What is the significance of the green light in The Great Gatsby?,The uploaded knowledge base does not contain sufficient information to answer this question.,Agentic RAG,definition,concept_lookup,4,0,0,0,0,1,0,False,True,1.8855,-9.1167,False,-9.1167,True,Success
EXP20260723073537,2026-07-23 07:35:37,Private Agentic RAG,Phase2,mistral,all-MiniLM-L6-v2,500,50,2,1,4,0.0367,2.0098,0.0,0.0,0.0,0.0,0.0,0.0,0.0,,0,,0,0,0,What is a sonnet in English literature?,The uploaded knowledge base does not contain sufficient information to answer this question.,Agentic RAG,definition,concept_lookup,4,0,0,0,0,1,0,False,True,2.0096,-9.1717,False,-9.1717,True,Success
EXP20260723073542,2026-07-23 07:35:42,Private Agentic RAG,Phase2,mistral,all-MiniLM-L6-v2,500,50,2,1,4,0.0272,2.1632,0.0,0.0,0.0,0.0,0.0,0.0,0.0,,0,,0,0,0,What is the capital city of Japan?,The uploaded knowledge base does not contain sufficient information to answer this question.,Agentic RAG,definition,concept_lookup,4,0,0,0,0,1,0,False,True,2.163,-8.3909,False,-8.3909,True,Success
EXP20260723073547,2026-07-23 07:35:47,Private Agentic RAG,Phase2,mistral,all-MiniLM-L6-v2,500,50,2,1,4,0.0437,2.135,0.0,0.0,0.0,0.0,0.0,0.0,0.0,,0,,0,0,0,Explain the theory of relativity.,The uploaded knowledge base does not contain sufficient information to answer this question.,Agentic RAG,definition,concept_lookup,4,0,0,0,0,1,0,False,True,2.1348,-7.32,False,-7.32,True,Success
EXP20260723073551,2026-07-23 07:35:51,Private Agentic RAG,Phase2,mistral,all-MiniLM-L6-v2,500,50,2,1,2,0.0384,1.0421,0.0,0.0,0.0,0.0,0.0,0.0,0.0,,0,,0,0,0,What causes earthquakes?,The uploaded knowledge base does not contain sufficient information to answer this question.,Agentic RAG,general,standard,2,0,0,0,0,1,0,False,True,1.0419,-9.5614,False,-9.5614,True,Success
EXP20260723073555,2026-07-23 07:35:55,Private Agentic RAG,Phase2,mistral,all-MiniLM-L6-v2,500,50,2,1,4,0.0552,0.6136,0.0,0.0,0.0,0.0,0.0,0.0,0.0,,0,,0,0,0,What is machine learning?,The uploaded knowledge base does not contain sufficient information to answer this question.,Agentic RAG,definition,concept_lookup,4,0,0,0,0,1,0,False,True,0.6134,-11.1974,False,-11.1974,True,Success
EXP20260723073600,2026-07-23 07:36:00,Private Agentic RAG,Phase2,mistral,all-MiniLM-L6-v2,500,50,2,1,3,0.0553,1.9981,0.0,0.0,0.0,0.0,0.0,0.0,0.0,,0,,0,0,0,How does photosynthesis work?,The uploaded knowledge base does not contain sufficient information to answer this question.,Agentic RAG,procedural,multi_step,3,0,0,0,0,1,0,False,True,1.9979,-8.6529,False,-8.6529,True,Success
EXP20260723073604,2026-07-23 07:36:04,Private Agentic RAG,Phase2,mistral,all-MiniLM-L6-v2,500,50,2,1,2,0.1864,1.2818,0.0,0.0,0.0,0.0,0.0,0.0,0.0,,0,,0,0,0,What causes Rain?,The uploaded knowledge base does not contain sufficient information to answer this question.,Agentic RAG,general,standard,2,0,0,0,0,1,0,False,True,1.2816,-9.8985,False,-9.8985,True,Success
